moduleID,X,Y
0,45.6003,48.9951
1,69.7480,36.7750
2,35.8716,48.6589
3,44.7550,43.0356
4,43.2248,56.6211
5,14.9557,84.5571
6,26.9487,69.7586
7,19.7044,80.8677
8,16.6209,84.0226
9,69.1517,40.2959
10,65.1641,28.9182
11,51.9725,50.1284
12,66.8422,39.0740
13,25.8685,59.5274
14,27.7760,55.4627
15,72.0205,14.6411
16,39.3644,48.7861
17,64.5864,35.4396
18,65.0497,39.5934
19,47.6491,43.1532
20,29.8920,59.1146
21,60.3033,46.2749
22,66.4652,21.2805
23,19.2100,77.5560
24,54.8493,49.6454
25,39.8686,49.9452
26,56.8509,32.7681
27,38.0619,53.1059
28,56.7659,46.1486
29,81.3253,15.8380
30,23.1239,85.1859
31,62.5634,25.8648
32,61.9220,47.2349
33,69.8355,28.5046
34,42.7289,49.7508
35,70.0970,26.0992
36,68.5911,28.4612
37,71.4650,28.5714
38,62.5746,32.9556
39,14.4788,80.3594
40,73.4807,17.9690
41,57.3193,45.8643
42,61.2847,50.1774
43,17.3632,80.7768
44,76.2931,22.4872
45,56.4714,38.7437
46,57.5955,36.3741
47,25.3270,59.5062
48,62.0308,25.8549
49,9.8476,77.1968
50,34.7856,48.6247
51,68.7561,21.6532
52,68.6020,40.2793
53,54.9490,46.9594
54,24.4534,77.7661
55,78.0810,21.6839
56,15.0215,80.3796
57,73.4247,22.3861
58,71.4721,14.6293
59,15.0121,80.6857
60,11.5664,80.8713
61,71.8715,25.8914
62,29.1731,51.9309
63,17.4094,77.1916
64,53.8497,46.9251
65,79.6396,28.8594
66,72.0826,36.8677
67,32.4957,55.6495
68,58.7060,35.2625
69,60.7213,50.7420
70,20.4153,69.5189
71,65.4676,32.4947
72,42.7460,48.8960
73,48.5537,49.9937
74,58.3407,53.0392
75,19.7151,80.5640
76,13.4241,72.8429
77,81.6338,7.6591
78,51.7271,42.9913
79,81.8802,15.8558
80,42.1998,48.8793
81,76.4063,11.5268
82,79.0837,29.7012
83,42.1810,49.7298
84,77.2029,15.1055
85,56.9962,28.0852
86,79.6352,30.0181
87,73.1669,36.3212
88,26.5370,80.5486
89,19.1873,80.2343
90,65.4762,31.9129
91,78.7219,12.1756
92,32.1644,59.2049
93,29.6340,62.9873
94,24.9256,62.8154
95,25.8809,58.9482
96,25.4194,56.5290
97,25.9572,55.9640
98,37.9060,60.5772
99,78.4092,29.9519
100,73.9710,22.7039
101,57.3122,46.1675
102,9.3010,77.1787
103,20.9131,80.6157
104,23.1366,84.8795
105,22.0913,77.9582
106,44.7839,41.8996
107,61.6313,39.7646
108,71.3612,43.6813
109,11.0883,73.9682
110,52.2310,31.4822
111,11.1218,76.6381
112,79.0819,28.8433
113,23.6662,85.2100
114,44.6194,45.4128
115,44.6035,46.5592
116,38.4421,60.5948
117,55.1340,42.8395
118,80.1823,28.8741
119,57.1558,50.6225
120,34.9477,52.7210
121,62.0360,32.9334
122,67.9892,43.5653
123,78.6691,19.0073
124,60.1640,50.7245
125,27.2344,55.4441
126,76.1119,14.4743
127,59.6435,45.9505
128,15.0503,77.4100
129,33.7568,56.8498
130,17.8935,84.3788
131,61.3733,47.2163
132,75.3251,11.4944
133,28.6356,51.9094
134,68.5704,29.6228
135,21.5452,73.1421
136,65.0723,39.0087
137,69.1609,39.1505
138,29.5716,56.7084
139,11.6573,77.2662
140,22.6367,80.6871
141,9.3093,76.5779
142,24.2285,81.6561
143,86.9460,11.5989
144,79.9059,19.3421
145,56.7101,52.9741
146,59.7398,32.2934
147,25.1466,66.1236
148,20.4664,73.0883
149,56.9105,36.3475
150,24.4449,73.5541
151,71.3344,25.8722
152,18.9779,84.1177
153,54.8897,54.0504
154,75.2817,25.7146
155,77.2127,14.5130
156,16.3141,77.7540
157,71.8704,33.3078
158,41.0823,45.2884
159,22.5869,62.4403
160,27.2272,56.6030
161,25.4282,55.3602
162,50.2092,49.4792
163,36.7915,52.2202
164,43.7799,56.0657
165,21.4565,80.6372
166,10.3929,77.5143
167,24.4166,74.4269
168,61.3951,46.3144
169,79.2717,11.6110
170,26.3722,70.9318
171,21.5019,74.0248
172,54.4040,46.6434
173,33.8601,52.6803
174,47.1597,39.5565
175,65.1112,36.3231
176,13.4187,73.1406
177,74.7348,33.1225
178,18.4110,85.0005
179,12.1714,73.4050
180,31.6289,59.1839
181,49.1135,49.4396
182,59.7818,43.0052
183,78.2421,8.0009
184,70.1014,32.6604
185,22.0463,74.0510
186,53.3187,31.5226
187,63.4238,39.5398
188,83.6595,15.3480
189,73.1048,14.3639
190,38.9810,60.6127
191,20.2483,84.4642
192,22.0776,84.2347
193,20.7782,84.7837
194,26.3897,70.3428
195,44.5108,49.2502
196,57.7937,53.0178
197,46.2530,49.9034
198,28.6779,69.8268
199,72.9366,18.8222
200,58.5523,45.9103
201,78.1728,12.1613
202,48.5680,49.4199
203,19.3257,70.0718
204,69.7441,43.6282
205,14.6637,69.9107
206,43.2884,48.9127
207,66.6948,32.5387
208,34.3594,64.0232
209,14.9924,81.2935
210,88.5653,12.5204
211,72.6942,39.2456
212,40.1207,56.5006
213,65.9626,24.7999
214,71.4700,15.4792
215,23.4005,77.1118
216,40.4084,49.9665
217,55.8135,43.4567
218,58.6903,36.4090
219,61.0109,36.4821
220,85.1738,12.3963
221,80.9959,18.2205
222,21.0250,77.3253
223,35.6341,64.0642
224,7.4568,80.1063
225,63.4390,38.9555
226,64.7444,21.2114
227,85.1861,11.2558
228,61.1215,38.8723
229,68.0307,29.3039
230,76.1088,14.7736
231,66.2297,42.6238
232,24.8838,55.3424
233,44.4320,52.5038
234,20.4829,77.3033
235,68.4752,32.6086
236,80.0641,32.7291
237,22.0888,73.1694
238,73.6664,25.9530
239,80.1833,29.7356
240,20.3713,80.5938
241,74.3002,40.4976
242,27.4841,70.0850
243,23.3184,66.9273
244,49.6608,49.4594
245,21.9935,80.6588
246,20.4724,77.6019
247,66.6665,25.6886
248,21.5035,62.3989
249,76.6603,14.7907
250,19.6961,84.7432
251,78.4484,14.5525
252,47.2053,56.4986
253,18.6278,73.9114
254,64.3672,33.0403
255,18.1674,76.5976
256,75.8023,18.6350
257,20.2387,59.9060
258,72.6275,36.3054
259,68.5017,36.7406
260,32.7527,67.5529
261,72.6651,40.4377
262,39.5693,57.0570
263,45.0310,50.1261
264,22.6151,84.2572
265,77.7468,14.5316
266,71.3351,32.7073
267,78.7904,8.0367
268,26.3814,70.6382
269,26.9337,70.3621
270,19.1650,67.0351
271,49.9700,36.1477
272,73.2045,40.4573
273,60.8258,32.3227
274,48.0046,46.4100
275,63.8319,32.4419
276,32.7597,67.2705
277,75.4325,14.7411
278,22.0532,84.8315
279,38.5108,55.8681
280,29.6156,63.5736
281,24.0403,70.5175
282,71.8812,32.7327
283,13.9904,77.0499
284,20.2334,63.5268
285,14.4915,73.1790
286,29.7610,69.8705
287,19.1750,80.5415
288,74.2092,25.9736
289,65.6847,42.6007
290,9.8548,76.5974
291,33.2756,63.9816
292,44.4916,50.1064
293,77.5825,19.2755
294,71.5473,35.6955
295,73.6603,32.7971
296,70.0987,25.8012
297,45.8384,43.0669
298,24.2633,80.7587
299,71.8726,26.1942
300,12.7267,77.0015
301,81.6151,11.1225
302,72.0224,39.2304
303,72.0123,15.4952
304,29.5944,55.8234
305,61.0422,42.4485
306,35.3880,56.9091
307,52.2661,43.0072
308,80.5418,7.5848
309,21.3192,84.8037
310,16.3327,77.1541
311,41.5192,52.9690
312,73.1137,33.3659
313,43.2407,56.0413
314,12.1762,73.1070
315,76.5346,25.7713
316,20.7898,59.0499
317,18.6876,76.9265
318,46.2148,52.5697
319,85.7262,11.2690
320,23.9063,73.2356
321,78.1279,18.9941
322,20.9897,66.8288
323,81.6182,8.2303
324,51.1866,36.1794
325,49.9995,35.0092
326,45.5492,57.2918
327,73.7914,14.6973
328,55.9089,28.0483
329,66.6650,24.8298
330,62.8344,29.4209
331,22.7747,66.9005
332,14.4820,73.7652
333,12.7281,76.7003
334,18.6003,70.3127
335,44.2283,43.0204
336,80.6022,33.3463
337,70.9415,39.2016
338,73.7579,40.1831
339,25.9513,81.7329
340,70.9296,39.7784
341,56.6066,50.5998
342,29.0944,62.9668
343,74.8838,14.7265
344,75.5576,28.7148
345,18.6255,67.0182
346,19.8695,70.0919
347,39.5812,56.4825
348,22.7896,66.3210
349,69.3978,17.8324
350,66.1431,32.8104
351,16.2654,81.3394
352,30.1311,55.8466
353,60.2530,25.7959
354,29.7574,70.1653
355,26.9721,66.1859
356,21.4330,81.5547
357,27.2778,62.8992
358,73.6761,25.0813
359,21.5282,66.8511
360,72.4169,26.2135
361,67.4821,29.2849
362,72.1765,22.6219
363,55.2253,38.7006
364,24.2403,81.3532
365,12.1916,76.6798
366,82.3227,11.1403
367,59.5292,53.6564
368,80.0594,33.3278
369,20.9488,70.1323
370,76.3973,12.1069
371,25.6834,66.1483
372,49.9604,43.2289
373,63.6600,21.1765
374,21.9793,58.8127
375,69.0132,32.6258
376,45.0485,49.2726
377,28.8148,59.0720
378,84.7572,15.3822
379,72.5639,14.3506
380,61.9370,46.3341
381,25.6593,63.4258
382,8.7034,80.7678
383,87.4887,11.9167
384,23.1683,81.0086
385,34.8581,56.3154
386,74.7207,19.1929
387,22.8118,73.4889
388,86.2561,12.4356
389,39.4590,45.2396
390,19.1720,62.3173
391,66.1391,33.1033
392,39.5206,60.6307
393,27.4854,67.0765
394,20.7889,84.4838
395,74.7198,18.6092
396,16.2857,80.7416
397,68.4658,33.1927
398,58.1567,42.3534
399,73.2321,39.2651
400,61.0694,29.3737
401,58.4231,49.4733
402,9.2637,80.1826
403,74.3082,40.2019
404,21.3056,85.1066
405,73.2490,28.6363
406,37.6020,48.7274
407,43.5787,41.8675
408,21.4489,80.9413
409,8.7134,80.4660
410,20.7759,59.9232
411,57.5289,39.9171
412,18.6793,77.2262
413,70.2774,43.9477
414,18.9566,84.7151
415,69.0070,33.2094
416,72.4254,32.4560
417,68.8553,17.8071
418,58.6868,43.5455
419,26.2181,66.1730
420,7.4417,80.7125
421,78.4188,28.8133
422,45.3263,41.9177
423,19.1626,80.8456
424,34.9670,60.4649
425,30.1196,56.4291
426,70.6221,17.8644
427,41.6621,48.8625
428,16.2955,80.4416
429,77.7466,33.2288
430,22.8184,73.1866
431,22.5934,84.8557
432,6.9083,80.3874
433,73.9754,21.5321
434,11.0695,79.9396
435,79.2791,11.0343
436,78.2882,33.2494
437,23.1780,80.7110
438,68.6197,39.1318
439,32.7018,59.2264
440,26.6981,55.4261
441,21.9830,80.9626
442,37.0706,48.7091
443,72.7052,28.6166
444,88.5723,11.6587
445,23.5892,58.8682
446,9.3050,76.8760
447,18.0814,73.8900
448,72.6275,36.8862
449,53.5145,36.2469
450,9.2528,80.4857
451,64.2000,21.4936
452,15.7738,77.7372
453,6.8901,80.9921
454,13.9515,80.0298
455,18.6183,74.2110
456,70.7965,32.3821
457,78.1745,11.0095
458,47.4724,45.8026
459,80.9289,22.0719
460,39.0256,57.0357
461,49.9664,42.6472
462,53.4440,39.2133
463,18.6521,73.0226
464,20.4156,74.2763
465,21.4414,81.2484
466,80.9941,18.5156
467,10.3981,76.9142
468,19.7022,73.9529
469,70.8381,36.8101
470,27.5944,59.8949
471,38.4849,57.0142
472,73.7499,40.4775
473,26.9403,70.0633
474,9.8511,76.8952
475,74.3392,14.4150
476,57.0138,38.7592
477,34.2999,56.8696
478,80.3859,21.7574
479,71.0955,22.5897
480,68.3127,17.7818
481,25.4224,81.4115
482,7.9847,80.4299
483,21.5322,65.9664
484,45.2966,43.0515
485,56.9892,39.9043
486,48.1927,43.1712
487,59.5144,49.5134
488,17.4004,77.4912
489,60.4631,36.4643
490,48.8816,43.2036
491,59.2312,43.5670
492,60.8331,47.1980
493,50.5064,42.6614
494,83.6537,15.9293
495,20.3509,81.2033
496,69.5478,33.2257
497,55.6729,46.1106
498,69.0573,43.6065
499,70.0976,24.9508
500,23.9414,76.8316
501,28.0008,63.8093
502,26.5002,81.4522
503,30.4202,66.3063
504,56.3704,36.3327
505,28.6711,70.1253
506,12.6489,80.9094
507,17.5407,69.3918
508,61.6536,38.8922
509,81.4654,22.3918
510,69.2298,35.6110
511,26.2119,62.8655
512,35.4109,55.7617
513,72.0868,36.2889
514,64.9288,31.8970
515,66.8785,36.6698
516,17.4168,76.8908
517,66.6983,31.9606
518,18.1006,73.3022
519,50.5146,42.0831
520,65.4255,25.3629
521,13.9253,80.9525
522,6.9162,80.0863
523,41.0673,46.4234
524,9.2426,80.7874
525,16.3230,77.4532
526,32.7832,66.3875
527,64.9212,32.4770
528,30.2633,51.9740
529,69.7054,39.1691
530,79.3558,18.1617
531,18.6163,81.1301
532,75.7565,21.8826
533,12.0953,81.1929
534,8.7240,80.1632
535,78.6681,19.3084
536,71.6370,22.6059
537,12.7253,77.3063
538,18.6181,69.4316
539,23.3924,77.4134
540,27.7611,56.6212
541,8.7618,76.8569
542,26.4880,81.7547
543,49.4314,36.1286
544,46.7557,52.5948
545,13.4091,73.7260
546,30.9596,66.3277
547,75.9636,33.4631
548,14.6714,69.2975
549,33.8144,64.0024
550,24.2573,59.4650
551,23.3412,66.0523
552,22.7932,74.3656
553,40.8718,56.5312
554,10.4011,76.6166
555,25.9611,81.4317
556,27.5174,66.2120
557,59.9247,36.4469
558,12.1910,76.9812
559,60.4099,39.1538
560,45.6877,46.6006
561,23.3550,73.5106
562,41.4230,55.9756
563,15.7312,74.0950
564,32.7421,63.9610
565,74.5145,22.7196
566,41.7669,45.3155
567,21.5681,77.3471
568,9.8443,77.4968
569,48.8905,42.6189
570,46.9294,45.7847
571,78.8059,7.4639
572,23.0532,58.8500
573,17.9056,84.0806
574,67.7494,25.7234
575,12.1330,80.2932
576,68.5263,43.5857
577,78.0813,22.2783
578,58.4032,50.6429
579,39.7141,64.2396
580,77.5443,22.2615
581,41.3095,59.8405
582,22.0128,63.5852
583,11.1208,77.5503
584,11.1014,73.0748
585,76.9489,11.5430
586,58.9980,53.0639
587,6.3508,80.9713
588,57.8744,50.0368
589,78.2594,7.4268
590,31.0567,60.2986
591,66.7781,42.6437
592,54.3977,46.9421
593,33.9352,67.5973
594,61.5604,43.6417
595,18.9670,84.4153
596,49.4282,42.6329
597,23.3834,77.7153
598,88.0288,11.3398
599,21.3286,59.0685
600,23.6964,84.6023
601,41.2836,60.6908
602,60.3085,45.9785
603,67.2102,25.7062
604,54.5913,36.2771
605,21.0050,77.9177
606,30.6719,55.8699
607,12.6720,80.3138
608,60.8522,46.2946
609,67.4552,42.9645
610,25.9642,55.3775
611,19.7021,59.3124
612,52.8943,39.1946
613,52.2876,35.0719
614,36.1351,56.9428
615,79.9046,18.4775
616,50.6756,35.0215
617,73.1216,32.7816
618,80.5135,11.6674
619,18.6395,80.5189
620,72.0018,40.1020
621,19.7085,84.4452
622,40.9755,52.9481
623,71.4805,39.2157
624,13.9740,77.6699
625,16.2728,74.1152
626,76.1016,15.6319
627,14.4638,80.9719
628,60.3844,40.0086
629,7.4341,81.0131
630,73.6629,26.2514
631,83.4185,12.3176
632,46.3850,45.7670
633,23.1476,84.5790
634,17.3425,81.3709
635,13.9981,76.7449
636,17.3476,84.3598
637,13.4559,77.0244
638,79.0839,30.0039
639,6.3602,80.6674
640,31.4071,56.7591
641,72.5628,14.6529
642,31.4941,53.1574
643,58.7591,28.4239
644,70.0739,17.8436
645,48.2764,38.4673
646,67.7389,18.9240
647,63.8394,31.8654
648,65.2824,21.5276
649,53.8595,31.5429
650,75.2733,26.3108
651,73.1676,35.7431
652,26.7392,63.4622
653,27.5056,66.5058
654,45.1554,46.0049
655,83.6578,15.6384
656,77.7443,33.5282
657,29.8839,66.2847
658,73.4248,22.6878
659,20.9520,69.8409
660,81.0688,8.1937
661,72.4156,33.3322
662,76.3467,19.2367
663,16.8590,77.4721
664,37.3293,52.2391
665,16.9911,70.5507
666,35.6889,53.3269
667,28.6513,70.9908
668,20.9476,74.2964
669,51.3888,52.7409
670,81.4722,21.7885
671,30.4116,66.6033
672,81.0678,11.1075
673,15.7493,69.3181
674,72.5562,15.5113
675,73.7775,39.2854
676,17.5445,66.4037
677,75.9959,25.7559
678,87.4893,11.6189
679,76.9381,12.1253
680,18.6127,69.7298
681,54.6726,39.2597
682,51.3331,53.5887
683,79.3573,18.4585
684,16.8779,76.8727
685,53.4996,43.3562
686,80.9918,18.8086
687,19.1644,73.9322
688,42.0710,52.4298
689,18.6037,81.4324
690,28.0341,67.1014
691,22.7643,69.6093
692,33.9516,67.0260
693,74.5139,22.4178
694,23.3334,66.3478
695,12.7250,77.6106
696,59.3252,39.1143
697,80.4498,18.4965
698,84.2077,15.6566
699,63.3850,29.4449
700,20.9463,70.4240
701,71.4697,39.7907
702,23.8299,63.6545
703,20.9676,62.3787
704,36.2461,52.2010
705,32.5413,53.1981
706,67.9836,43.8636
707,24.7892,60.0779
708,16.2973,69.3285
709,28.3071,55.4810
710,16.2877,70.2434
711,65.4587,33.0726
712,18.5946,70.6068
713,29.2185,69.8488
714,51.2121,35.0384
715,76.1084,15.0664
716,36.2272,53.3442
717,55.6794,45.8087
718,33.9599,66.7426
719,81.1431,33.0689
720,44.8641,39.4883
721,71.4650,40.0867
722,66.2478,29.2487
723,78.9991,14.5708
724,14.4871,73.4713
725,81.6889,33.0895
726,88.0265,11.6386
727,15.0202,73.7850
728,86.2630,11.8696
729,82.8686,11.4526
730,21.4734,63.5649
731,61.2737,50.7591
732,80.5142,11.3801
733,34.4248,60.1467
734,37.7544,56.7068
735,64.4823,28.3229
736,29.2081,70.7211
737,9.7675,81.1068
738,46.3918,45.4714
739,23.8896,73.8271
740,46.6424,56.7630
741,42.4933,59.8975
742,79.9604,11.6532
743,41.5286,52.4062
744,70.9245,40.0717
745,29.0743,63.5511
746,73.1640,36.9037
747,77.0672,25.7865
748,52.5080,50.1475
749,73.6561,33.3832
750,21.3335,58.7719
751,29.3517,66.2634
752,83.9512,11.4876
753,20.9913,66.5344
754,60.1714,50.4302
755,30.1132,56.7280
756,45.9341,39.5241
757,16.2992,73.2380
758,62.8554,28.2695
759,19.6827,81.4715
760,79.2631,12.1901
761,75.2602,19.2074
762,12.1913,77.5868
763,57.5518,38.7750
764,62.1289,42.4812
765,16.2820,73.8201
766,37.2351,55.8246
767,19.7695,76.9730
768,11.6256,73.9822
769,84.6312,12.3764
770,34.3144,56.2943
771,46.9344,45.4889
772,23.8431,63.0754
773,65.9174,22.1208
774,74.7439,25.6956
775,54.6604,39.8248
776,75.4264,33.4443
777,24.4265,74.1426
778,55.7626,39.0120
779,79.3760,33.2908
780,13.9463,73.7460
781,74.3356,15.0042
782,63.1324,32.1061
783,21.5584,77.6409
784,33.9443,67.3099
785,43.8865,52.4837
786,22.2527,66.2944
787,67.7457,24.8661
788,26.9394,67.0515
789,59.8473,28.7583
790,68.8322,18.9739
791,46.6140,57.3394
792,43.9561,49.7894
793,19.7032,62.9186
794,28.0148,70.4008
795,79.9653,11.0769
796,65.1665,28.3412
797,29.1675,52.5062
798,12.1611,73.9962
799,58.0707,39.9294
800,73.1014,14.9618
801,40.2642,63.6826
802,23.8369,63.3652
803,41.6417,49.7088
804,16.8225,80.7590
805,74.7373,32.8286
806,75.7495,22.7662
807,83.4036,11.1781
808,67.9984,42.9843
809,59.3194,39.4053
810,66.7980,29.2650
811,53.8583,46.3357
812,84.2072,15.3652
813,56.8573,32.4723
814,26.9192,70.9516
815,60.6313,53.7054
816,11.6392,73.0910
817,22.2253,69.5864
818,17.3371,84.6586
819,45.0552,48.9745
820,74.3795,35.7848
821,38.5041,56.1569
822,78.6718,18.4413
823,54.9653,46.0852
824,16.9989,69.6716
825,37.2210,56.6863
826,70.3918,39.7657
827,34.3960,52.9968
828,69.3081,22.5263
829,25.6010,74.1946
830,38.4985,56.4453
831,35.4000,56.3367
832,17.3700,73.2807
833,16.8323,80.4594
834,32.7673,66.9887
835,41.2927,60.4049
836,40.8149,63.1308
837,84.7585,15.9649
838,41.8584,59.8602
839,12.1212,80.5915
840,56.9619,29.2372
841,65.1545,42.5815
842,15.0346,73.1986
843,65.1071,36.6178
844,68.0025,42.6874
845,64.8796,25.6430
846,23.9321,77.1361
847,53.1117,53.9738
848,19.1789,73.3441
849,52.3518,39.1761
850,79.3609,19.3213
851,52.6212,52.8220
852,16.8119,81.0589
853,45.5732,56.7100
854,25.0779,73.5911
855,52.8033,43.3178
856,86.9511,12.4657
857,24.2545,59.7591
858,59.7673,43.5880
859,25.9704,81.1346
860,84.2091,14.7649
861,37.2303,56.1184
862,20.4466,66.8063
863,85.1790,11.8304
864,13.4143,73.4322
865,69.1202,29.3420
866,16.3072,72.9458
867,24.5840,70.5416
868,59.3001,28.1442
869,36.6933,56.0987
870,7.9716,81.0338
871,76.5002,33.4818
872,19.1377,81.4519
873,60.5260,29.0597
874,54.9148,53.4815
875,26.1727,73.3430
876,7.9904,80.1260
877,12.7077,73.4199
878,29.0630,63.8448
879,57.9420,32.2180
880,36.3998,49.5226
881,44.5181,48.9537
882,71.3418,32.1101
883,28.2980,56.6394
884,24.2621,58.8857
885,18.0946,66.4240
886,42.8296,46.1953
887,48.4964,53.2088
888,64.2021,21.1941
889,12.7027,73.7180
890,45.5850,56.4195
891,59.5091,54.2237
892,20.2532,58.7362
893,20.9871,73.4136
894,25.6324,73.3228
895,26.1521,73.9244
896,31.9877,63.9475
897,25.9498,56.5465
898,39.0411,56.4641
899,77.7509,32.6450
900,56.4358,28.6476
901,14.4765,74.0608
902,65.2785,21.8241
903,58.0161,45.8907
904,33.8514,52.9744
905,52.9097,38.6205
906,64.4577,29.4927
907,36.1602,55.7835
908,56.0254,52.9563
909,25.5896,74.4901
910,47.1902,56.7900
911,54.9025,53.7649
912,39.0511,64.2010
913,11.0580,80.2520
914,47.8758,49.9714
915,17.3589,84.0613
916,27.4679,70.6779
917,66.7543,43.8108
918,73.7912,14.9922
919,69.5473,25.7846
920,66.2625,28.3754
921,21.0349,77.0277
922,25.0847,73.3022
923,53.1827,50.4745
924,34.4441,59.2965
925,64.3399,25.3342
926,57.8650,50.6249
927,23.3744,78.0143
928,11.0357,80.8528
929,80.4466,19.3628
930,25.3188,60.0975
931,9.2973,77.4789
932,80.9258,22.3765
933,26.7330,63.7625
934,70.4080,39.1872
935,54.1448,38.6667
936,77.8719,28.7958
937,75.2891,25.1313
938,60.2841,32.3081
939,68.5349,43.0033
940,70.6422,25.8170
941,19.2302,76.9499
942,47.7343,38.4453
943,25.4133,81.7113
944,6.3785,80.0665
945,23.3490,73.8046
946,77.0703,25.2012
947,45.7002,46.0266
948,68.5386,42.7063
949,74.0260,18.2792
950,69.8495,21.6801
951,78.8397,32.9745
952,9.7973,80.2017
953,60.8587,45.9980
954,11.0238,81.1623
955,27.4761,70.3813
956,71.1645,17.8851
957,32.5869,52.0678
958,22.1085,77.3686
959,8.7636,76.5585
960,60.5005,42.4325
961,44.8625,56.1145
962,33.7703,56.2731
963,72.0890,35.7115
964,77.6308,12.1468
965,29.2148,70.1455
966,29.0469,56.3849
967,49.4219,43.2162
968,71.5429,36.2726
969,15.0695,76.7950
970,26.2029,63.4442
971,22.0610,73.7552
972,54.0408,43.3767
973,17.5337,70.2742
974,60.1009,53.1174
975,21.5168,73.7300
976,14.4555,81.2739
977,28.5951,66.2633
978,58.7730,39.3867
979,83.6660,14.7469
980,15.0602,77.1006
981,76.6461,15.6533
982,18.0910,73.5960
983,12.1673,73.7022
984,36.7690,53.3618
985,71.3361,26.1753
986,25.1378,66.4203
987,72.0094,39.8032
988,22.6038,84.5564
989,36.1703,64.0843
990,31.4153,55.6127
991,30.9668,53.1366
992,87.4904,11.3229
993,32.2325,66.3719
994,63.6560,25.3036
995,63.1042,24.7356
996,79.3328,8.0719
997,53.5294,42.1944
998,21.9611,81.5763
999,51.1892,42.9752
1000,73.7872,28.6553
1001,81.1414,33.3643
1002,24.5864,66.9761
1003,33.3294,66.4022
1004,61.8368,49.6171
1005,61.4025,46.0175
1006,86.2670,11.5828
1007,19.1752,66.4641
1008,26.1922,67.0475
1009,36.1422,56.6452
1010,51.7217,43.2891
1011,53.8624,46.0498
1012,22.0650,84.5335
1013,74.3377,14.7121
1014,86.9452,11.3057
1015,73.9755,21.8285
1016,36.6777,56.9613
1017,69.3043,21.3704
1018,19.9101,66.4918
1019,56.3600,43.4752
1020,80.6030,33.0491
1021,42.3026,45.3318
1022,51.7459,35.0552
1023,36.6837,56.6660
1024,55.4835,52.9343
1025,66.8084,28.3924
1026,57.9267,32.8026
1027,18.1278,77.8107
1028,28.0056,70.6979
1029,26.9269,70.6582
1030,12.6369,81.2083
1031,69.0072,24.9193
1032,74.5175,21.8435
1033,24.4434,78.0604
1034,66.6898,33.1215
1035,40.7576,59.8204
1036,11.6591,76.9609
1037,65.7144,28.3583
1038,53.4582,38.6369
1039,25.0569,74.4696
1040,10.3041,81.1242
1041,34.9904,59.3202
1042,9.7779,80.8069
1043,24.7916,59.4855
1044,60.7272,50.4511
1045,60.6499,53.1443
1046,31.6600,67.2352
1047,61.5858,42.4646
1048,19.3160,70.6538
1049,45.6728,52.5446
1050,11.5791,80.5716
1051,75.2774,26.0130
1052,18.1396,77.5062
1053,49.9727,42.0694
1054,75.3197,12.0701
1055,84.2059,15.9473
1056,53.3197,45.7394
1057,88.0248,11.9355
1058,37.2387,60.5470
1059,20.2379,84.7632
1060,74.5171,21.5452
1061,23.8530,66.9538
1062,7.9779,80.7348
1063,79.1667,22.0132
1064,78.1742,11.5873
1065,19.1856,73.0462
1066,9.7873,80.5050
1067,53.1732,52.8460
1068,28.5287,63.8269
1069,19.7124,73.6579
1070,58.9503,50.6613
1071,26.1419,74.2172
1072,33.3647,59.2497
1073,80.5286,8.1582
1074,36.1540,56.0786
1075,76.1009,29.5826
1076,55.5077,50.5548
1077,31.4569,63.9265
1078,58.9691,49.4935
1079,25.4312,81.1117
1080,23.9236,77.4379
1081,26.5160,60.1543
1082,20.2451,59.3292
1083,18.6445,62.2976
1084,25.6612,67.0239
1085,53.3090,46.9082
1086,23.7130,81.0322
1087,21.0136,77.6214
1088,64.8867,24.7724
1089,78.2847,33.5476
1090,78.8307,33.5651
1091,20.4494,66.5130
1092,13.9411,74.0448
1093,67.2387,31.9761
1094,58.0929,38.7903
1095,81.6078,11.6957
1096,66.6915,32.8309
1097,48.9080,34.9680
1098,63.9405,28.3049
1099,53.8438,32.1174
1100,69.0698,43.0229
1101,58.7806,39.0946
1102,50.4993,43.2413
1103,22.6256,80.9849
1104,61.0743,29.0800
1105,24.7927,58.9059
1106,57.9349,32.5097
1107,74.4834,28.6864
1108,74.7417,25.1142
1109,28.6585,70.7035
1110,14.5085,77.6919
1111,40.1338,55.9209
1112,46.6565,56.4719
1113,67.2361,32.5580
1114,81.0646,11.6818
1115,65.2878,21.2292
1116,78.4132,29.6609
1117,16.8692,77.1728
1118,76.8447,21.6292
1119,11.6349,73.3902
1120,16.8497,77.7709
1121,21.5306,73.4386
1122,18.6442,73.3235
1123,39.7347,63.0914
1124,83.1123,14.7286
1125,73.6701,25.6580
1126,60.4012,39.4424
1127,42.8392,45.6465
1128,56.2023,47.0271
1129,82.1752,8.2668
1130,55.8820,29.1992
1131,59.8459,39.9938
1132,80.4505,18.2010
1133,6.3700,80.3661
1134,61.3420,24.6625
1135,21.5763,77.0509
1136,47.2203,56.2090
1137,53.1431,53.4106
1138,28.5623,62.9462
1139,44.3203,56.0901
1140,29.0620,55.8002
1141,24.0338,70.8101
1142,15.7907,77.1355
1143,79.9542,12.2137
1144,26.9601,66.4798
1145,12.6610,80.6112
1146,61.3331,25.5437
1147,39.6939,52.3191
1148,48.0216,45.5241
1149,69.3065,21.9626
1150,74.7303,33.4181
1151,26.1307,74.5107
1152,27.7693,56.0388
1153,54.3349,54.0298
1154,29.7148,52.5282
1155,72.4224,32.7578
1156,20.9620,73.9991
1157,31.6823,66.3570
1158,77.3257,28.7783
1159,61.9422,46.0369
1160,55.8944,28.6316
1161,30.3958,67.1850
1162,65.7018,29.2324
1163,27.2652,63.4801
1164,26.6773,74.2395
1165,23.2923,70.4898
1166,23.8970,73.5322
1167,22.2213,69.8790
1168,21.6782,70.4245
1169,61.6138,29.3902
1170,19.1609,63.1863
1171,83.4070,11.4698
1172,36.7394,59.3900
1173,41.4020,57.1298
1174,88.0222,12.5020
1175,24.9078,63.4071
1176,40.9695,49.4212
1177,78.2949,32.6662
1178,56.2124,46.4229
1179,42.4879,60.1853
1180,18.6597,77.8290
1181,24.4007,62.4945
1182,85.1821,11.5448
1183,74.8810,15.0161
1184,74.7418,32.5410
1185,76.1000,29.3012
1186,59.2447,35.5790
1187,50.8415,52.7221
1188,42.0606,52.9898
1189,17.5316,70.5697
1190,74.3140,39.9126
1191,43.2081,57.2028
1192,18.1497,77.2031
1193,46.3634,46.6453
1194,46.9239,46.0779
1195,30.9920,51.9995
1196,21.4858,74.3169
1197,56.3770,35.4871
1198,43.5837,59.9347
1199,45.9853,38.3942
1200,73.8399,35.7675
1201,50.5658,39.6844
1202,17.3535,73.8645
1203,18.6352,66.4440
1204,45.5615,56.9991
1205,49.4825,39.6510
1206,75.2205,21.5651
1207,18.6065,70.0208
1208,17.5393,66.6872
1209,70.0591,19.0040
1210,22.1169,77.0739
1211,49.7228,53.2467
1212,25.3231,59.8037
1213,78.6204,21.9976
1214,15.7620,73.2165
1215,63.3356,36.2614
1216,69.7378,43.9304
1217,57.9560,31.6432
1218,57.5062,29.2561
1219,52.9814,35.6601
1220,26.6962,56.0037
1221,38.0004,63.0106
1222,59.7905,42.7089
1223,56.0063,53.5266
1224,70.7953,32.6825
1225,79.5454,14.5887
1226,53.4509,38.9235
1227,42.8074,52.4438
1228,69.1558,39.7179
1229,73.1676,36.0272
1230,63.6526,22.0483
1231,63.4152,39.8344
1232,72.9578,26.2325
1233,73.0964,15.5270
1234,77.0312,18.3960
1235,19.7072,58.7184
1236,34.7697,49.4658
1237,75.2619,18.9168
1238,51.1854,43.2747
1239,28.0126,63.5066
1240,84.6348,11.8106
1241,48.5457,50.2894
1242,42.4912,42.4083
1243,62.7887,36.5309
1244,17.3448,74.1552
1245,45.9726,38.6799
1246,57.3063,46.4630
1247,59.8442,29.0365
1248,52.8865,39.4835
1249,79.3795,32.9947
1250,74.8778,15.5873
1251,25.1324,70.2768
1252,73.4293,21.8131
1253,18.4433,84.0992
1254,36.3938,49.8060
1255,68.6104,39.7013
1256,43.9774,48.9332
1257,52.2205,32.0586
1258,70.3763,28.8222
1259,56.9781,28.6644
1260,70.6381,26.1130
1261,36.7798,52.7902
1262,30.9483,66.6257
1263,62.1787,39.4895
1264,46.6705,56.1835
1265,68.5128,36.1665
1266,87.4886,12.4839
1267,71.3551,43.9818
1268,38.6192,52.2776
1269,76.3519,18.3590
1270,51.1075,39.7012
1271,34.3772,63.1771
1272,62.8122,42.8257
1273,23.8704,74.4063
1274,44.8970,38.3538
1275,42.4822,42.9802
1276,28.0516,66.5316
1277,69.6843,40.3119
1278,20.7951,58.7542
1279,53.4368,39.5031
1280,79.9044,19.0523
1281,20.2402,62.9397
1282,22.5524,63.6052
1283,58.4089,50.3521
1284,63.1026,25.2954
1285,55.6214,31.8862
1286,68.2894,18.9491
1287,63.9234,29.4683
1288,38.1314,49.3166
1289,48.0105,46.1155
1290,73.8227,36.9250
1291,57.2075,54.1291
1292,48.2679,38.7567
1293,49.7592,52.6855
1294,73.7639,39.8953
1295,66.4567,22.1373
1296,56.7626,46.4431
1297,59.7111,24.6082
1298,68.7559,21.3563
1299,43.0334,60.2026
1300,56.4217,29.2178
1301,45.7061,45.7363
1302,41.3284,63.7224
1303,43.3789,46.2161
1304,43.5783,60.2201
1305,56.9058,43.4934
1306,54.3501,53.7410
1307,66.6653,25.9786
1308,69.3745,18.9986
1309,62.5854,32.3736
1310,50.8733,50.3809
1311,60.0612,54.2484
1312,47.4598,46.6836
1313,41.3176,59.5549
1314,44.1284,59.9531
1315,31.5962,60.3186
1316,52.7647,32.0782
1317,41.4078,56.8458
1318,11.6313,73.6865
1319,16.8349,73.2594
1320,65.4248,24.7865
1321,54.1340,39.2420
1322,29.8755,66.5805
1323,57.4031,32.2006
1324,25.8618,59.8264
1325,66.6958,32.2506
1326,70.8487,36.2383
1327,60.0718,53.9661
1328,37.4587,62.9861
1329,20.4539,73.3893
1330,60.2550,24.6262
1331,77.7496,32.9336
1332,22.7819,66.6110
1333,78.8421,32.6876
1334,27.4588,70.9711
1335,70.6046,19.0254
1336,77.0289,18.6774
1337,76.0987,29.0235
1338,74.8799,15.3015
1339,28.5742,67.1261
1340,66.6657,25.3978
1341,51.3701,53.0249
1342,72.9401,18.2573
1343,80.0890,15.2021
1344,28.6277,52.4841
1345,62.5607,24.7268
1346,59.2291,36.4258
1347,63.3996,28.2874
1348,39.0554,55.8861
1349,26.5116,81.1577
1350,61.0151,36.1940
1351,52.8783,39.7654
1352,64.3370,25.6287
1353,25.1151,67.2929
1354,71.4607,28.8648
1355,50.2033,49.7672
1356,57.2285,53.5651
1357,23.2906,63.6341
1358,41.3007,60.1251
1359,53.3029,32.0977
1360,72.0187,14.9345
1361,59.4932,50.6793
1362,54.4093,46.3525
1363,72.3979,18.2462
1364,38.4689,59.7397
1365,15.2052,70.2146
1366,44.4067,53.3508
1367,45.9473,39.2386
1368,52.2254,31.7751
1369,39.8880,49.3765
1370,19.3307,69.7804
1371,54.9262,53.2017
1372,56.4435,28.3606
1373,68.2896,24.8846
1374,50.8843,49.7992
1375,58.9621,54.1995
1376,20.4044,70.4041
1377,33.3331,60.0993
1378,67.4477,43.2514
1379,49.7773,46.7718
1380,72.7021,28.9107
1381,36.2362,52.7703
1382,65.4262,25.9416
1383,71.4585,40.3801
1384,52.9019,38.9058
1385,80.7233,30.0454
1386,79.9624,11.3660
1387,58.9557,50.3729
1388,52.5910,53.3878
1389,45.8486,60.3082
1390,61.8136,50.7761
1391,52.8165,42.4581
1392,52.5598,53.9510
1393,15.7435,70.5174
1394,67.4322,36.1225
1395,63.1380,31.8183
1396,79.6375,29.4278
1397,37.9931,63.2966
1398,36.1972,59.3693
1399,16.8195,73.8424
1400,35.1133,63.1849
1401,49.2330,46.7504
1402,57.7597,54.1477
1403,24.3831,63.0960
1404,62.7910,36.2452
1405,70.2884,43.3513
1406,61.3281,25.8295
1407,69.7526,36.4797
1408,66.4553,22.4244
1409,61.5568,36.4997
1410,56.9713,28.9502
1411,58.3183,53.8881
1412,72.5615,14.9484
1413,55.6542,47.0090
1414,59.8637,39.1340
1415,79.3592,19.0324
1416,74.3337,15.5751
1417,64.9132,33.0563
1418,18.0648,70.2931
1419,22.2139,70.4462
1420,41.5115,53.5329
1421,18.4325,84.3971
1422,16.9967,69.9601
1423,20.7846,59.3464
1424,60.6221,53.9908
1425,77.1902,15.6751
1426,69.1257,29.0570
1427,49.6862,53.8115
1428,54.9600,46.3695
1429,74.3245,39.3054
1430,69.5607,32.3510
1431,25.6114,73.9025
1432,47.1754,57.0782
1433,50.0233,39.6679
1434,57.4151,31.6269
1435,79.9049,18.7676
1436,24.6025,66.3957
1437,13.9603,72.8618
1438,40.9660,53.5128
1439,74.7445,25.9930
1440,52.2700,36.2060
1441,43.0389,59.9160
1442,72.1541,29.1774
1443,60.4804,43.3149
1444,34.9738,60.1706
1445,22.7656,67.1914
1446,16.2908,73.5292
1447,17.3619,73.5731
1448,18.4224,84.6965
1449,57.3897,32.7851
1450,29.0387,56.6888
1451,58.2137,28.6999
1452,23.9144,77.7404
1453,51.8157,39.1579
1454,62.1559,29.1200
1455,67.2046,24.8481
1456,64.3715,32.7523
1457,58.4744,32.5283
1458,85.7151,12.4160
1459,57.5150,28.9671
1460,80.0954,14.6066
1461,22.7537,70.4680
1462,68.0351,29.0158
1463,40.7817,64.2766
1464,47.9516,53.1856
1465,19.9028,67.0741
1466,19.3214,70.3644
1467,22.4996,59.9955
1468,31.6533,67.5205
1469,15.7455,70.2290
1470,60.0814,53.6810
1471,40.4231,53.4927
1472,36.6984,55.8042
1473,53.1280,53.6932
1474,56.8624,32.1836
1475,20.4297,73.9738
1476,61.5162,32.0407
1477,74.2096,25.6774
1478,14.6568,70.4852
1479,76.2983,21.6075
1480,77.6361,11.5754
1481,11.0938,73.6707
1482,32.0192,53.1779
1483,20.9946,66.2431
1484,75.4216,15.5995
1485,50.8893,49.5209
1486,29.6248,63.2826
1487,54.4148,46.0674
1488,25.8546,60.1175
1489,72.1573,28.8914
1490,40.8832,55.9567
1491,34.9387,53.0188
1492,19.1561,74.2295
1493,66.7949,29.5512
1494,39.5917,55.9035
1495,69.8501,21.3844
1496,58.6983,42.6674
1497,41.9607,55.9946
1498,21.6930,69.5637
1499,30.9198,63.6114
1500,11.6535,77.5678
1501,68.0380,28.7325
1502,40.7324,60.6692
1503,25.6749,62.5536
1504,73.2458,28.9304
1505,29.3427,66.5581
1506,24.2518,81.0557
1507,33.9034,59.2731
1508,15.7462,69.9390
1509,20.4539,66.2203
1510,29.6435,62.6922
1511,16.8112,74.1353
1512,65.4631,32.7874
1513,48.6831,46.7281
1514,20.4079,70.1122
1515,76.8398,22.8035
1516,12.7133,73.1231
1517,67.7458,18.6393
1518,40.1914,60.6483
1519,29.3339,66.8504
1520,15.7715,72.9225
1521,62.5907,32.0842
1522,25.6728,70.3002
1523,25.0712,73.8804
1524,49.4349,42.0556
1525,72.8841,22.6721
1526,56.8725,31.6111
1527,11.6611,76.6593
1528,55.6161,32.1714
1529,75.2856,25.4210
1530,15.7419,73.7977
1531,59.2001,32.2788
1532,8.7591,77.4614
1533,74.1975,32.8128
1534,45.0992,53.6512
1535,65.6487,36.6379
1536,64.4983,39.8730
1537,82.1862,7.9851
1538,38.4773,59.4529
1539,18.0738,69.7101
1540,66.1562,31.9452
1541,30.3954,62.7115
1542,25.6655,70.5899
1543,78.2924,32.9540
1544,52.0771,52.7984
1545,29.1614,53.0740
1546,75.7995,19.2221
1547,27.2315,56.0210
1548,51.3512,53.3056
1549,58.1594,35.5424
1550,47.4681,46.0969
1551,21.3238,59.3632
1552,29.7507,70.7381
1553,40.2165,59.8009
1554,63.4067,40.1223
1555,66.1484,32.5194
1556,45.5729,50.1452
1557,28.5408,63.5286
1558,23.3403,74.0931
1559,82.8657,11.1595
1560,83.1045,15.6201
1561,30.4033,66.8938
1562,24.6119,66.0987
1563,19.8739,69.8005
1564,77.5836,18.4113
1565,19.8658,70.3842
1566,80.6045,32.7544
1567,19.6910,74.2478
1568,75.8019,18.9315
1569,58.4956,31.6590
1570,48.8185,38.4895
1571,30.6531,56.7476
1572,15.2111,69.3079
1573,19.7013,63.2081
1574,80.5101,12.2290
1575,69.8513,21.9763
1576,78.1284,19.2920
1577,40.8584,57.1116
1578,68.0715,39.6846
1579,79.0814,29.1317
1580,33.0342,56.2442
1581,74.1957,33.1068
1582,47.1751,38.9962
1583,14.6609,70.1999
1584,62.1614,28.8304
1585,69.1546,40.0016
1586,63.8235,33.0247
1587,75.4254,15.3119
1588,46.3777,46.0591
1589,74.3615,36.9424
1590,20.4408,67.0962
1591,29.3166,67.4301
1592,15.0277,73.4911
1593,62.7262,39.5115
1594,42.4865,42.6945
1595,74.1919,33.4006
1596,47.4762,45.5067
1597,63.1270,32.3952
1598,43.3463,52.4636
1599,77.0274,19.2585
1600,23.3041,69.6323
1601,57.7694,53.8677
1602,43.7453,57.2257
1603,18.6360,73.6170
1604,54.1236,39.8095
1605,28.0333,62.9260
1606,79.1624,22.6090
1607,58.4816,32.2351
1608,25.1237,70.5656
1609,58.9806,53.6321
1610,62.0534,32.0626
1611,48.8880,57.1589
1612,29.3260,67.1409
1613,29.2039,71.0078
1614,62.8495,28.5542
1615,73.2125,40.1641
1616,28.3033,56.0565
1617,73.6592,33.0911
1618,40.1067,57.0777
1619,45.6392,53.6765
1620,71.8909,32.1347
1621,53.7337,50.4906
1622,76.2906,22.7846
1623,22.7607,69.9001
1624,20.4647,77.8973
1625,62.1117,43.3640
1626,73.2395,29.4943
1627,66.2433,29.5342
1628,37.7655,56.1384
1629,67.5308,22.4515
1630,64.5749,36.3053
1631,43.5686,42.4438
1632,27.4746,67.3633
1633,53.1581,53.1287
1634,15.2066,69.9250
1635,61.6177,29.1003
1636,27.0548,60.1733
1637,64.3435,24.7583
1638,22.0746,73.4637
1639,71.9937,40.3980
1640,59.5197,53.9412
1641,81.1454,32.7793
1642,19.9140,66.1975
1643,28.0238,70.1069
1644,45.4409,38.3738
1645,59.2483,42.6884
1646,25.6219,73.6127
1647,16.2902,69.9532
1648,55.7551,39.2954
1649,74.7453,26.2912
1650,70.8213,43.9649
1651,38.5379,63.3215
1652,28.6644,70.4170
1653,26.1623,73.6340
1654,50.3244,46.7943
1655,63.3371,35.9757
1656,53.3120,46.6092
1657,79.8304,22.9132
1658,63.8817,35.9904
1659,47.1602,57.3638
1660,35.1184,62.9014
1661,46.6285,57.0514
1662,15.0404,77.7144
1663,69.0755,42.7258
1664,31.6672,66.9504
1665,57.8826,49.4534
1666,31.5278,52.0226
1667,55.6106,32.4569
1668,20.9751,73.7051
1669,37.7713,55.8452
1670,81.4598,22.9656
1671,34.4861,67.6139
1672,38.5456,63.0355
1673,25.0645,74.1720
1674,26.2161,62.5701
1675,76.4020,11.8192
1676,18.0693,70.0003
1677,69.3066,22.2450
1678,59.8576,39.4239
1679,32.2064,67.2525
1680,29.7086,53.0937
1681,37.4428,63.5552
1682,65.9155,22.4105
1683,24.3752,63.3859
1684,17.5363,69.9805
1685,76.5342,25.4798
1686,48.8857,42.9117
1687,62.0250,24.7184
1688,29.2111,70.4351
1689,79.8297,22.6361
1690,61.5615,35.9294
1691,28.0434,66.8153
1692,62.5963,31.7965
1693,46.0807,57.3155
1694,70.3047,36.2196
1695,65.2727,22.1115
1696,60.8217,32.6127
1697,67.2080,25.4139
1698,57.7770,53.5864
1699,50.6682,35.3124
1700,39.0477,56.1745
1701,37.9418,59.4356
1702,35.6634,62.9242
1703,69.5519,32.9336
1704,70.2992,36.4998
1705,50.2661,53.2664
1706,33.3534,59.5373
1707,79.3745,33.5846
1708,26.9285,67.3399
1709,63.8772,36.5629
1710,35.0331,67.3457
1711,69.0005,25.7681
1712,24.0468,70.2304
1713,24.5769,70.8302
1714,67.2334,32.8514
1715,39.0876,63.0600
1716,31.9472,56.2048
1717,67.4869,28.9953
1718,66.2104,35.7929
1719,45.3085,60.2870
1720,60.8179,32.8956
1721,48.8116,38.7780
1722,68.6071,39.9861
1723,22.7498,70.7556
1724,30.9347,63.0167
1725,56.4672,39.0387
1726,35.1088,63.4671
1727,37.2756,59.4104
1728,73.4790,18.2682
1729,66.9931,22.4378
1730,65.4249,25.6574
1731,55.4644,53.5042
1732,60.7884,25.8126
1733,58.4886,31.9464
1734,69.8519,22.5430
1735,61.5213,31.7531
1736,30.9413,62.7341
1737,53.7217,52.8696
1738,39.0096,59.7558
1739,80.5124,11.9505
1740,72.6255,35.7275
1741,68.5812,29.0363
1742,35.6932,53.0368
1743,69.7625,35.9227
1744,80.7218,29.4602
1745,29.0843,63.2606
1746,53.4292,39.7836
1747,47.9396,53.4708
1748,67.7479,25.4296
1749,72.9318,19.1111
1750,45.1607,45.7198
1751,48.5208,52.6474
1752,44.8727,39.1981
1753,49.9851,35.5797
1754,43.2764,49.4746
1755,22.0380,62.7103
1756,70.6458,25.2573
1757,49.7052,53.5288
1758,43.5679,60.7815
1759,24.3444,55.3251
1760,68.7587,21.9488
1761,45.5968,56.1335
1762,60.4682,36.1738
1763,58.7659,39.6716
1764,60.2791,32.5975
1765,62.1664,28.2380
1766,36.2317,53.0552
1767,57.4091,31.9137
1768,50.2313,53.8305
1769,19.1649,62.8975
1770,58.2084,28.9823
1771,31.4831,62.7559
1772,56.1647,31.9067
1773,16.8022,81.3550
1774,32.0555,52.0452
1775,45.6643,52.8327
1776,55.0775,31.8655
1777,67.9764,36.1448
1778,48.2395,39.5940
1779,67.4263,36.4016
1780,46.9131,46.6644
1781,73.2419,29.2133
1782,42.7225,50.0438
1783,33.0374,55.9635
1784,56.6714,54.1112
1785,74.4807,28.9776
1786,20.4121,69.8207
1787,58.1541,35.8246
1788,17.5484,66.1213
1789,18.1584,76.9041
1790,60.4751,35.6131
1791,29.1646,52.7913
1792,29.8831,59.4098
1793,60.2743,32.8795
1794,44.8296,57.2717
1795,25.1311,66.7081
1796,21.9612,59.9774
1797,65.1133,36.0324
1798,55.1182,43.4175
1799,52.2612,43.3034
1800,39.7243,63.6623
1801,34.3887,53.2820
1802,47.3433,49.6576
1803,85.7198,11.8501
1804,54.0662,35.4114
1805,22.8072,73.7820
1806,62.1848,39.2085
1807,56.0757,49.9800
1808,18.0608,70.5879
1809,78.4138,29.3803
1810,70.3070,35.9395
1811,78.9971,15.1662
1812,23.8693,66.3743
1813,72.0882,35.9990
1814,75.9958,25.4654
1815,34.9847,59.6064
1816,62.1175,43.0857
1817,68.4704,32.9000
1818,29.7178,52.2448
1819,64.9172,32.7697
1820,81.6110,11.4085
1821,42.4991,59.6122
1822,74.4781,29.5357
1823,81.0658,11.3945
1824,36.1744,60.2100
1825,44.8551,56.4012
1826,55.9014,28.3416
1827,79.5438,15.1842
1828,46.1071,56.7364
1829,78.6175,22.5904
1830,78.1280,18.4263
1831,75.9669,33.1734
1832,32.0169,63.0600
1833,42.4945,42.1251
1834,22.2383,66.8739
1835,38.5953,53.4232
1836,77.3231,29.3429
1837,53.6904,53.4330
1838,49.0344,53.2318
1839,71.6926,18.7870
1840,23.9052,78.0371
1841,74.7204,18.9025
1842,68.7607,22.5094
1843,48.7971,39.3371
1844,53.8351,32.4025
1845,48.8986,35.5391
1846,52.6060,53.1059
1847,60.7389,49.8660
1848,76.7856,28.7613
1849,28.0248,67.3867
1850,70.5527,21.7295
1851,64.8840,25.0579
1852,46.7847,50.2191
1853,19.9079,66.7839
1854,30.3868,67.4729
1855,59.2400,35.8630
1856,50.0286,39.3820
1857,62.7926,35.9610
1858,71.6857,19.0679
1859,74.9165,35.8022
1860,82.4267,15.8732
1861,44.1120,60.7992
1862,48.9025,35.2573
1863,48.2582,39.0377
1864,22.0214,63.2976
1865,44.0712,45.9619
1866,74.2094,25.0983
1867,43.8698,53.0469
1868,45.5798,49.8593
1869,41.8404,60.4254
1870,63.3573,42.8444
1871,40.7412,60.3840
1872,30.6660,56.1593
1873,56.3774,42.5914
1874,48.6952,46.1305
1875,31.4774,63.0383
1876,30.2961,69.8925
1877,80.7768,14.9388
1878,55.7417,39.8556
1879,35.1044,63.7484
1880,42.0520,53.5527
1881,47.8924,49.3982
1882,67.3726,39.6671
1883,13.9512,73.4521
1884,25.6645,63.1390
1885,63.3889,29.1590
1886,22.2295,67.1638
1887,40.2708,63.4000
1888,65.7497,39.8886
1889,79.0832,29.4108
1890,49.6392,50.3310
1891,75.0209,28.9926
1892,20.4423,73.6807
1893,28.8073,59.3683
1894,40.5347,45.8396
1895,73.7845,28.9494
1896,55.8226,42.8461
1897,70.5524,22.2820
1898,36.7853,52.5080
1899,47.8564,56.2452
1900,61.0202,35.6306
1901,51.7345,35.9038
1902,84.6426,11.2425
1903,63.6527,25.5845
1904,63.9470,40.1389
1905,51.7359,42.4240
1906,43.5727,60.5019
1907,45.6557,53.1144
1908,51.9841,49.5585
1909,31.9440,56.4833
1910,69.5500,25.2234
1911,64.5158,39.2831
1912,33.3434,59.8178
1913,42.4786,56.8871
1914,68.8379,18.6899
1915,60.2549,25.5060
1916,69.8322,28.8006
1917,56.0161,53.2432
1918,52.3678,38.6053
1919,34.9792,59.8864
1920,26.6677,74.5310
1921,29.7118,52.8130
1922,67.7551,18.0435
1923,52.7705,31.7942
1924,43.5574,43.0127
1925,22.8001,74.0685
1926,44.4984,49.8127
1927,59.5393,53.3754
1928,70.3706,29.3824
1929,57.0083,39.0517
1930,58.2262,28.1098
1931,73.2184,39.8779
1932,19.1716,73.6374
1933,64.1967,22.0696
1934,61.0839,28.1971
1935,71.0992,21.7458
1936,52.2145,32.3420
1937,59.7336,32.5822
1938,16.8274,73.5513
1939,39.5304,60.3394
1940,62.0476,32.3523
1941,67.5438,21.6214
1942,43.8611,53.3287
1943,15.2026,70.5014
1944,60.6117,54.2728
1945,44.6126,45.9834
1946,73.6732,25.3700
1947,57.3970,32.4908
1948,54.2837,50.5069
1949,48.4844,53.4946
1950,44.4153,53.0681
1951,40.9869,52.3825
1952,33.8774,60.1230
1953,54.5816,43.3971
1954,70.0697,18.1334
1955,58.3336,53.3285
1956,47.4137,53.1626
1957,29.6052,63.8627
1958,15.7521,73.5072
1959,67.4904,28.7105
1960,65.4720,32.2037
1961,30.3699,63.5873
1962,47.3478,49.3780
1963,20.9851,67.1185
1964,78.4165,29.1025
1965,73.1186,33.0756
1966,59.4991,50.3933
1967,51.1143,39.4153
1968,17.5389,69.6912
1969,68.5754,29.3228
1970,60.2931,46.8865
1971,22.2097,70.7354
1972,25.6751,66.4447
1973,23.8776,66.0835
1974,76.8428,22.2153
1975,58.4181,49.7615
1976,69.2119,36.4597
1977,42.1740,50.0208
1978,21.6879,69.8580
1979,63.9547,39.8536
1980,52.2091,32.6249
1981,19.8610,70.6716
1982,34.3721,63.4578
1983,29.3424,59.3889
1984,65.9243,21.5581
1985,78.7250,11.3120
1986,71.7053,18.1955
1987,75.4496,35.8194
1988,23.0469,60.0138
1989,57.1695,50.0274
1990,37.3060,53.3793
1991,44.2541,41.8817
1992,35.5700,67.3634
1993,75.8595,12.0882
1994,67.2322,33.1396
1995,55.9958,53.8118
1996,24.9164,63.1171
1997,70.3736,29.1039
1998,34.4311,59.8635
1999,80.1833,30.0317
2000,81.6924,32.8050
2001,39.0186,59.4705
2002,34.7793,48.9145
2003,78.0812,21.9822
2004,72.4139,25.6141
2005,45.8491,42.7784
2006,61.0180,35.9116
2007,41.7595,45.6059
2008,26.7037,73.3627
2009,51.8017,39.7299
2010,80.4487,18.7881
2011,61.0779,28.7947
2012,61.0286,43.3312
2013,40.4454,52.3587
2014,15.0124,74.0772
2015,16.2839,70.5333
2016,61.5113,32.3308
2017,78.7230,11.8878
2018,55.0712,32.1499
2019,21.6729,70.7152
2020,55.0647,32.4344
2021,42.7353,49.4574
2022,79.8683,8.3953
2023,67.3797,39.3878
2024,29.8602,67.1629
2025,50.5712,39.3985
2026,54.0613,35.6933
2027,72.9561,25.6300
2028,56.9218,35.5072
2029,63.1216,32.6807
2030,44.1228,60.2373
2031,28.6192,53.0542
2032,63.8791,36.2776
2033,23.3258,66.6360
2034,64.4638,29.2006
2035,45.3957,39.5059
2036,43.5628,42.7308
2037,56.0831,49.7032
2038,63.3350,36.5458
2039,34.4941,67.3282
2040,74.3351,15.2911
2041,74.7430,25.4038
2042,80.3831,22.9309
2043,49.0920,50.3101
2044,55.8271,42.5686
2045,49.4435,35.5592
2046,50.6605,35.5959
2047,23.3093,67.2191
2048,30.9273,67.2068
2049,64.5702,36.5979
2050,48.9279,56.2907
2051,49.4334,57.1823
2052,46.7447,52.8888
2053,30.2557,52.5504
2054,58.0881,39.0778
2055,82.3203,11.7210
2056,55.8309,35.4672
2057,24.0514,69.9493
2058,77.5822,18.6919
2059,26.6861,73.9460
2060,44.8889,38.6394
2061,30.3876,62.9945
2062,81.6265,7.9473
2063,31.9493,55.9247
2064,54.5360,31.8448
2065,45.8660,42.2270
2066,64.8787,25.9265
2067,60.7956,24.6443
2068,17.3775,72.9924
2069,80.9302,21.7731
2070,55.7496,39.5765
2071,54.5220,32.4120
2072,53.8272,32.6819
2073,49.4483,35.2777
2074,55.5302,49.6802
2075,48.3762,34.9480
2076,36.7149,60.2312
2077,58.0774,39.6398
2078,77.0498,32.6218
2079,24.8986,63.6951
2080,59.7277,32.8632
2081,77.2066,14.8080
2082,43.3894,45.6673
2083,57.5213,28.6806
2084,62.8396,29.1375
2085,36.1792,63.7933
2086,72.1524,29.4602
2087,40.7657,59.5338
2088,35.7071,52.1822
2089,35.6976,52.7507
2090,45.4297,38.6594
2091,41.8308,60.7120
2092,54.5291,32.1283
2093,72.1833,21.7784
2094,35.8522,49.5037
2095,27.9956,70.9907
2096,67.7708,32.8715
2097,57.6157,35.5239
2098,64.4310,43.4412
2099,57.5359,39.6251
2100,72.3949,18.8058
2101,62.8072,43.1078
2102,34.4375,59.5833
2103,33.8430,53.2609
2104,26.7537,62.5861
2105,65.1633,29.2165
2106,36.7744,53.0739
2107,46.4785,39.5422
2108,27.4960,66.7906
2109,21.5305,66.2656
2110,13.9554,73.1601
2111,67.7683,33.1573
2112,51.0018,46.2264
2113,70.6174,18.1543
2114,47.1832,38.7145
2115,18.6282,63.1645
2116,66.2070,36.0684
2117,64.7389,21.8051
2118,36.4117,48.9734
2119,56.8674,31.8976
2120,77.5431,21.9669
2121,51.9665,50.4203
2122,29.8674,66.8720
2123,51.3138,53.8681
2124,82.1663,8.5493
2125,33.8279,63.1538
2126,44.7565,60.8317
2127,24.5912,70.2536
2128,40.1268,56.2086
2129,67.7759,32.2844
2130,47.7004,39.5753
2131,27.7659,56.3283
2132,79.3588,18.7470
2133,54.6795,38.9751
2134,37.4510,63.2718
2135,74.9001,36.9599
2136,23.8572,62.4757
2137,45.1370,52.5198
2138,58.7025,35.5609
2139,30.2915,70.1853
2140,71.4565,29.1477
2141,39.1578,52.2985
2142,39.0787,63.3462
2143,45.0372,49.8362
2144,67.0006,21.6001
2145,42.7805,53.2848
2146,30.2830,70.7553
2147,58.4662,32.8198
2148,27.2574,63.7782
2149,44.2865,57.2486
2150,33.3272,52.6602
2151,23.3062,63.0546
2152,61.5598,36.2140
2153,73.6634,32.5058
2154,53.3166,46.0324
2155,47.3329,50.2410
2156,78.2498,7.7143
2157,59.2923,28.7386
2158,75.7591,21.5863
2159,57.2191,53.8466
2160,46.2056,52.8608
2161,69.5478,25.5008
2162,39.5860,56.1916
2163,68.2129,21.3423
2164,81.6120,8.5125
2165,56.7537,47.0452
2166,37.2153,56.9793
2167,50.3008,52.7039
2168,75.4281,15.0280
2169,42.4823,60.4686
2170,56.1580,32.1926
2171,57.9490,31.9303
2172,46.1202,56.4456
2173,75.9745,32.5809
2174,48.9002,42.0420
2175,38.5223,63.8843
2176,23.3001,69.9214
2177,79.6371,29.1496
2178,70.1077,32.3681
2179,21.5285,66.5554
2180,43.0314,42.4258
2181,26.2085,66.4690
2182,61.2790,50.4715
2183,55.4539,53.7885
2184,19.1997,77.8519
2185,52.0775,46.8696
2186,52.8122,42.7345
2187,45.4074,39.2180
2188,52.3594,38.8881
2189,50.8233,53.0049
2190,35.0266,67.6298
2191,40.7491,60.1050
2192,30.1255,56.1367
2193,45.3151,60.0048
2194,46.1963,53.1430
2195,45.1497,46.2890
2196,24.8820,55.6278
2197,71.3319,32.9933
2198,33.8859,59.8407
2199,60.2891,32.0199
2200,74.0230,18.5587
2201,60.1863,49.8456
2202,24.7907,59.7814
2203,83.9514,11.7696
2204,64.9251,32.1869
2205,63.3954,28.5725
2206,75.5529,29.5668
2207,20.3998,70.6896
2208,49.7896,46.1690
2209,48.8937,35.8179
2210,45.8647,59.7463
2211,18.0975,66.1410
2212,60.5309,28.7766
2213,12.6957,74.0101
2214,80.7778,15.2123
2215,39.3471,49.3542
2216,60.3931,39.7228
2217,43.7544,56.9421
2218,72.6816,39.8613
2219,33.3189,52.9525
2220,50.0331,39.1004
2221,60.6410,53.4255
2222,24.8796,56.2153
2223,43.5894,59.6522
2224,58.7540,28.7192
2225,81.0601,12.2446
2226,50.5030,42.9529
2227,69.1298,28.7766
2228,64.5777,36.0148
2229,49.7412,52.9659
2230,64.7350,22.0903
2231,77.3246,29.0628
2232,34.5076,66.7623
2233,55.1266,43.1347
2234,22.0987,77.6600
2235,38.0560,53.4028
2236,32.4903,56.2245
2237,38.4607,60.0215
2238,51.8222,38.8708
2239,38.6072,52.8329
2240,51.7376,35.6251
2241,20.9442,63.2547
2242,64.3410,25.0440
2243,11.0473,80.5523
2244,21.3201,59.6480
2245,77.8651,29.3615
2246,75.3226,11.7864
2247,71.4535,29.4282
2248,57.7859,53.3075
2249,62.8028,43.3869
2250,51.8089,39.4451
2251,62.7329,39.2305
2252,76.5345,26.0607
2253,75.2624,18.3328
2254,47.6557,42.3102
2255,66.8047,28.6778
2256,48.8747,57.4377
2257,63.6559,21.7676
2258,31.4639,63.6348
2259,61.8196,50.4918
2260,45.3050,42.7605
2261,58.0829,39.3583
2262,63.6574,25.0255
2263,41.3199,64.0043
2264,67.9936,43.2722
2265,59.3139,39.6888
2266,19.1702,66.7493
2267,61.0892,40.0387
2268,38.1257,49.5970
2269,22.2453,66.5862
2270,61.0331,43.0509
2271,58.9718,53.9165
2272,33.8674,52.3926
2273,61.5064,32.6163
2274,28.1405,59.3444
2275,32.1985,67.5363
2276,30.9374,66.9153
2277,58.9644,49.7811
2278,45.8573,42.5016
2279,20.2364,63.2297
2280,66.9945,22.1534
2281,68.2951,18.6647
2282,63.9687,39.2653
2283,46.5670,42.8250
2284,49.0219,53.5182
2285,57.4458,43.5115
2286,48.2501,39.3156
2287,24.3666,63.6746
2288,73.1265,32.4886
2289,63.9356,28.5903
2290,63.4307,39.2480
2291,44.1170,60.5185
2292,47.6535,42.5884
2293,81.0630,11.9670
2294,39.0008,60.0383
2295,62.0283,25.5591
2296,29.8515,67.4514
2297,77.7419,14.8246
2298,45.3211,59.7257
2299,69.0164,32.3346
2300,35.6495,63.4883
2301,52.9777,35.9385
2302,23.2881,70.7759
2303,33.8945,59.5603
2304,65.1652,28.6249
2305,48.7880,39.6133
2306,45.3018,60.5701
2307,72.0850,36.5769
2308,65.9610,25.9557
2309,59.1849,32.8489
2310,63.8932,43.1430
2311,53.6747,53.7168
2312,48.1969,42.3296
2313,52.0643,53.0835
2314,43.0360,42.1425
2315,75.4276,33.1533
2316,81.6040,11.9830
2317,20.9596,62.6680
2318,40.2002,60.3638
2319,79.9579,11.9341
2320,48.8951,42.3270
2321,56.3718,42.8684
2322,33.2801,63.6894
2323,26.6953,56.2891
2324,41.9464,42.9639
2325,45.5869,49.5813
2326,50.6539,35.8763
2327,78.7972,7.7512
2328,31.9975,63.6580
2329,28.5729,62.6552
2330,22.7577,70.1834
2331,68.2224,22.4928
2332,68.5855,28.7545
2333,40.4278,49.3989
2334,85.1766,12.1114
2335,82.8723,11.7376
2336,61.3385,24.9421
2337,55.4741,53.2226
2338,28.1354,59.6221
2339,46.0942,57.0251
2340,35.6506,59.6313
2341,18.6340,62.8762
2342,39.5756,56.7696
2343,46.3815,60.3292
2344,58.1520,42.6470
2345,25.3295,59.2158
2346,52.3440,39.4642
2347,56.3743,35.7674
2348,82.3194,11.9929
2349,78.0813,22.5720
2350,47.8168,57.1127
2351,53.3105,31.8131
2352,70.2935,43.0730
2353,29.1043,62.6740
2354,47.7176,39.0170
2355,71.5454,35.9848
2356,40.5318,46.1169
2357,53.5229,35.6767
2358,48.3880,56.2677
2359,56.6237,50.0037
2360,49.1071,49.7253
2361,77.5457,22.8346
2362,70.9167,29.1259
2363,31.5028,52.8639
2364,55.2827,36.0108
2365,68.5212,43.8822
2366,51.7313,42.7017
2367,48.3671,35.2371
2368,45.1180,53.0859
2369,59.0765,46.5301
2370,43.2621,50.0667
2371,70.8519,35.9561
2372,19.7007,59.5999
2373,48.8035,39.0589
2374,65.7545,39.6083
2375,45.6938,46.3126
2376,37.9332,59.7239
2377,45.6478,53.3939
2378,39.8789,49.6552
2379,70.6094,18.7456
2380,34.8649,56.0312
2381,45.2948,60.8508
2382,69.8291,29.0817
2383,70.0973,25.5166
2384,75.0187,29.5510
2385,61.5670,43.3473
2386,70.0975,25.2406
2387,37.0572,49.2712
2388,56.3724,36.0435
2389,48.1955,42.6083
2390,66.8229,39.9260
2391,36.1933,63.2288
2392,39.4533,45.8038
2393,68.2181,21.9351
2394,34.4102,52.4115
2395,20.7806,59.6320
2396,23.2967,70.2046
2397,21.4958,62.6889
2398,80.4467,19.0722
2399,72.0169,39.5177
2400,25.6688,66.7316
2401,58.6911,43.2578
2402,73.1657,36.6141
2403,29.7465,71.0240
2404,72.8832,22.0755
2405,41.9568,42.1076
2406,39.0607,63.9081
2407,42.7981,52.7272
2408,46.1332,56.1584
2409,25.1152,70.8502
2410,47.7265,38.7356
2411,27.0708,59.3055
2412,29.8758,59.6907
2413,56.6309,49.7258
2414,32.1275,60.3366
2415,51.1200,39.1343
2416,61.5625,35.6478
2417,44.2953,56.9672
2418,75.4480,36.1027
2419,29.3289,59.9487
2420,66.6657,25.1169
2421,68.0661,39.9705
2422,35.0380,67.0625
2423,43.8777,52.7682
2424,54.6677,39.5420
2425,56.4300,28.9329
2426,38.1372,49.0373
2427,62.2582,36.5170
2428,81.0765,7.9095
2429,49.7950,45.8940
2430,42.7713,53.5645
2431,51.4342,49.8185
2432,32.6749,60.0791
2433,54.5146,32.6923
2434,24.2588,59.1745
2435,25.1391,69.9946
2436,70.8305,43.3685
2437,45.9601,38.9599
2438,23.8797,74.1176
2439,72.6958,29.4770
2440,69.1592,39.4394
2441,47.9267,53.7492
2442,22.5112,59.1238
2443,40.8651,56.8250
2444,49.4938,39.0834
2445,35.8462,49.7860
2446,64.1994,21.7867
2447,52.2831,35.3613
2448,51.7419,35.3452
2449,74.0168,19.1526
2450,72.8843,21.7979
2451,32.2148,66.9692
2452,78.4455,15.1479
2453,50.2494,53.5488
2454,60.5398,28.1766
2455,68.2871,25.4456
2456,80.9887,19.0921
2457,70.0953,32.9508
2458,64.3799,32.1704
2459,33.8191,63.7129
2460,40.2578,63.9654
2461,36.1891,59.6525
2462,37.2490,60.2521
2463,69.2236,35.9061
2464,63.8279,32.7346
2465,55.8282,35.7487
2466,46.5230,38.4141
2467,62.0418,32.6378
2468,24.9353,62.5136
2469,57.9796,47.0805
2470,71.1460,19.0469
2471,64.4890,40.1556
2472,26.6948,73.6550
2473,23.2988,63.3441
2474,46.5119,38.7000
2475,32.6841,59.7980
2476,72.4287,32.1589
2477,35.3129,49.4848
2478,50.1889,50.3519
2479,77.8635,29.6417
2480,31.0757,59.7368
2481,52.9853,35.3800
2482,45.8569,60.0250
2483,51.9785,49.8375
2484,55.8263,36.0272
2485,54.6088,35.4271
2486,81.4628,22.6813
2487,31.0843,59.4561
2488,66.1515,32.2337
2489,28.1233,60.2112
2490,57.5292,28.3995
2491,54.6029,35.7099
2492,62.5800,32.6591
2493,71.8662,25.3179
2494,59.0555,47.1241
2495,59.7105,25.4871
2496,40.9612,49.7006
2497,43.0276,60.4852
2498,46.5714,42.5483
2499,37.9851,63.5795
2500,58.7641,28.1270
2501,59.7459,32.0059
2502,52.0252,53.9288
2503,64.4409,42.8814
2504,38.5295,63.6040
2505,43.0449,59.6322
2506,52.7513,32.6439
2507,58.3253,53.6071
2508,34.5004,67.0446
2509,70.9192,28.8435
2510,38.4523,60.3011
2511,76.9438,11.8356
2512,71.8765,33.0198
2513,28.3013,56.3481
2514,53.8513,31.8322
2515,38.6713,49.3393
2516,65.6980,29.5174
2517,39.5386,60.0551
2518,66.2248,42.9095
2519,35.5814,66.8004
2520,61.1124,39.1656
2521,18.6376,62.5909
2522,33.7637,56.5586
2523,52.3359,39.7475
2524,55.4431,54.0709
2525,44.7716,60.2662
2526,20.9427,70.7075
2527,73.7927,15.2806
2528,30.6781,55.5818
2529,60.4870,43.0336
2530,39.5465,59.7719
2531,77.0431,33.2133
2532,26.2011,66.7550
2533,19.7374,77.8775
2534,46.5757,42.2712
2535,57.2393,53.2860
2536,54.0487,43.0913
2537,46.2457,50.1975
2538,60.7916,25.5247
2539,70.7982,32.0859
2540,43.3202,53.3066
2541,71.3282,25.3012
2542,47.9759,52.6260
2543,46.1784,53.7018
2544,66.4627,21.5793
2545,34.3655,63.7366
2546,69.0100,32.9169
2547,65.0386,39.8924
2548,44.8381,56.9923
2549,57.5468,39.0649
2550,50.8049,53.2857
2551,59.5091,49.8003
2552,80.9225,22.9484
2553,51.8283,38.5891
2554,50.5757,39.1172
2555,55.2006,39.8403
2556,38.9918,60.3202
2557,36.2009,62.9468
2558,34.9633,52.1542
2559,74.2013,32.5234
2560,55.2127,39.2777
2561,49.6544,49.7462
2562,58.1483,36.1020
2563,16.8420,72.9692
2564,60.4720,35.8935
2565,56.4580,39.5952
2566,51.5438,46.2482
2567,75.4333,36.9769
2568,18.0905,66.7081
2569,63.8982,42.8628
2570,40.2245,59.5134
2571,63.8886,43.4231
2572,53.3142,46.3190
2573,55.2914,35.4473
2574,76.2950,22.1943
2575,33.0298,56.5245
2576,44.0669,46.2424
2577,59.2374,43.2780
2578,44.4232,52.7888
2579,73.9730,22.1126
2580,24.5965,69.9720
2581,44.1342,59.6721
2582,75.2124,22.1530
2583,56.9868,28.3803
2584,51.4210,50.4007
2585,80.3838,22.6513
2586,48.5092,52.9258
2587,71.0966,22.2992
2588,32.7466,63.6662
2589,23.5876,59.1630
2590,57.1756,49.7485
2591,46.8031,49.3573
2592,71.6422,21.7623
2593,39.9904,45.8216
2594,63.3374,35.6943
2595,77.7290,15.6963
2596,72.6743,40.1458
2597,32.7551,63.1081
2598,49.4756,56.3139
2599,34.7648,49.7459
2600,71.4724,14.9207
2601,59.9340,35.5958
2602,52.0874,46.2700
2603,42.1880,49.4402
2604,35.0438,66.7812
2605,61.6204,28.8129
2606,71.3667,43.3855
2607,59.7102,24.8899
2608,86.2598,12.1506
2609,63.3520,43.1256
2610,84.6382,11.5258
2611,66.2574,28.6602
2612,19.7033,62.6336
2613,70.3846,40.0563
2614,61.2899,49.8860
2615,49.2422,46.1497
2616,56.1511,32.4790
2617,63.1009,25.5759
2618,43.0255,42.7124
2619,85.7226,11.5638
2620,52.5760,53.6691
2621,76.7868,29.3248
2622,36.7307,59.6739
2623,37.5901,49.2939
2624,36.2408,52.4872
2625,41.9500,42.6762
2626,60.8298,32.0338
2627,40.9781,49.1420
2628,72.6982,29.1952
2629,52.7577,32.3622
2630,32.0255,62.7782
2631,49.9634,42.9392
2632,75.4308,32.5601
2633,37.9782,63.8600
2634,63.3473,43.4052
2635,72.4193,33.0463
2636,44.7633,42.7423
2637,51.4404,49.5398
2638,27.5879,60.1923
2639,67.3653,39.9447
2640,56.9204,42.6136
2641,29.7537,70.4528
2642,65.6559,36.0501
2643,51.5297,46.8490
2644,55.2866,35.7299
2645,57.4594,42.6357
2646,29.5872,56.1140
2647,46.4899,39.2590
2648,35.6562,63.2069
2649,54.3647,53.4587
2650,63.9276,29.1796
2651,26.9503,66.7659
2652,54.8455,49.9314
2653,56.9965,39.6100
2654,22.0305,74.3378
2655,33.7765,55.9887
2656,39.5545,59.4880
2657,77.5454,22.5538
2658,59.2894,29.0182
2659,33.8242,63.4340
2660,48.0015,46.7027
2661,34.8509,56.6009
2662,48.7009,45.8517
2663,35.6429,63.7709
2664,24.3366,56.1938
2665,45.8401,60.5914
2666,52.0516,53.3654
2667,74.3753,36.0693
2668,65.7100,28.6424
2669,49.4250,42.9254
2670,36.1863,63.5096
2671,71.8696,25.5979
2672,68.4800,32.3180
2673,62.0595,31.7750
2674,66.7723,42.9305
2675,28.5515,63.2386
2676,33.2886,63.1308
2677,72.3904,19.0902
2678,69.0017,25.4851
2679,40.5382,45.5620
2680,77.8687,29.0826
2681,23.0522,59.1437
2682,37.4356,63.8360
2683,49.2466,45.8727
2684,44.7765,42.1900
2685,49.4886,39.3653
2686,50.7872,53.5684
2687,32.1468,59.7775
2688,81.8797,15.2494
2689,73.7931,15.5628
2690,35.6589,59.3488
2691,64.4358,43.1607
2692,58.6990,35.8440
2693,44.7642,60.5490
2694,54.8352,50.5230
2695,34.9554,52.4302
2696,67.2104,25.9959
2697,37.7477,56.9974
2698,56.9142,36.0599
2699,57.0025,39.3310
2700,48.5614,49.7045
2701,83.9514,12.0441
2702,81.3272,15.2309
2703,72.0156,15.2116
2704,32.1383,60.0571
2705,49.4195,57.4616
2706,70.9139,29.4052
2707,58.9899,53.3504
2708,60.8391,46.9068
2709,33.3109,53.2402
2710,47.1178,42.2908
2711,79.3416,7.7878
2712,77.0654,26.0793
2713,62.7093,40.1024
2714,61.6245,28.2176
2715,49.0598,52.6686
2716,39.9933,45.5444
2717,75.9957,26.0417
2718,61.5731,43.0680
2719,21.4811,63.2759
2720,42.8336,45.9213
2721,50.7682,53.8490
2722,41.0789,45.5796
2723,22.5781,62.7315
2724,53.1926,49.8824
2725,44.7787,59.9850
2726,72.9373,18.5369
2727,26.5336,59.2861
2728,26.6969,55.7192
2729,31.4121,55.9054
2730,36.6960,64.1043
2731,44.7854,59.7057
2732,26.7437,63.1745
2733,27.2838,62.6022
2734,70.8423,36.5196
2735,43.8524,53.6060
2736,31.6204,59.4768
2737,42.2848,46.1750
2738,43.2167,56.9172
2739,59.2349,36.1422
2740,32.4873,56.5039
2741,25.6538,67.3151
2742,18.6305,66.7287
2743,36.7224,59.9513
2744,30.9795,52.5602
2745,53.5074,43.0696
2746,59.9300,36.1540
2747,43.5731,42.1602
2748,38.0678,52.8111
2749,81.8786,14.9813
2750,39.6799,52.8763
2751,62.2596,36.2292
2752,69.7498,43.3339
2753,79.8898,7.8251
2754,51.1265,38.8591
2755,54.2943,49.9152
2756,52.2743,42.4410
2757,22.2181,70.1622
2758,47.8844,49.6789
2759,49.0477,52.9479
2760,65.6809,42.8885
2761,32.6928,59.5183
2762,37.3229,52.5286
2763,24.5951,66.6844
2764,51.1921,42.6852
2765,23.0502,59.4213
2766,42.7402,49.1821
2767,86.9494,12.1842
2768,45.4187,38.9390
2769,46.3728,60.6126
2770,84.6332,12.0917
2771,65.4244,25.0718
2772,41.9397,57.1480
2773,72.5590,15.2286
2774,45.3116,42.4838
2775,68.5069,36.4498
2776,79.3233,8.3576
2777,56.9175,35.7862
2778,64.3363,25.9117
2779,54.6050,42.5248
2780,29.0696,55.5104
2781,56.9157,42.8903
2782,78.4432,15.4187
2783,36.7043,63.8151
2784,30.2597,52.2664
2785,69.8510,22.2608
2786,75.4439,36.3787
2787,18.6388,66.1605
2788,50.3411,45.9153
2789,65.9212,21.8372
2790,47.1098,42.8447
2791,74.9126,36.0860
2792,58.7499,29.0002
2793,72.3954,18.5258
2794,73.0990,15.2452
2795,22.5611,63.3191
2796,46.5010,38.9805
2797,44.8810,38.9186
2798,74.5156,22.1310
2799,41.0748,45.8575
2800,21.5250,67.1405
2801,71.6407,22.0406
2802,69.6965,39.7342
2803,39.0692,63.6282
2804,38.4921,56.7264
2805,55.2078,39.5594
2806,46.7235,53.4492
2807,49.4997,38.8055
2808,44.6166,45.7034
2809,69.7017,39.4573
2810,26.1837,67.3370
2811,37.0501,49.5521
2812,76.1047,15.3470
2813,70.5528,22.0059
2814,52.2783,35.6394
2815,66.8882,36.1003
2816,29.0546,56.0914
2817,59.9326,35.8755
2818,82.8758,12.0105
2819,80.9244,22.6665
2820,62.5617,25.5673
2821,39.7292,63.3791
2822,75.8038,18.3459
2823,28.0434,62.6367
2824,52.6185,46.8897
2825,55.1422,42.5472
2826,54.1399,38.9567
2827,61.6235,40.0594
2828,78.1271,18.7060
2829,46.2598,49.6142
2830,36.6886,56.3819
2831,65.1258,43.4680
2832,27.6051,59.3250
2833,78.9953,15.4386
2834,38.0732,52.5344
2835,28.6319,52.2018
2836,60.7937,24.9246
2837,54.5974,35.9883
2838,30.9854,52.2824
2839,79.3812,32.7086
2840,20.2420,62.6551
2841,43.3112,53.5851
2842,45.0435,49.5585
2843,77.1962,15.3950
2844,39.7195,63.9457
2845,80.7200,29.1838
2846,50.0382,38.8234
2847,85.7176,12.1311
2848,40.9810,52.6620
2849,42.1934,49.1668
2850,70.7939,32.9674
2851,51.0083,45.9499
2852,30.2779,71.0405
2853,46.3898,60.0451
2854,76.7864,29.0435
2855,58.5331,46.5075
2856,53.6581,53.9961
2857,25.8738,59.2371
2858,68.3076,18.0693
2859,40.4186,49.6779
2860,62.5605,25.0090
2861,51.5515,45.9717
2862,23.3226,62.4570
2863,74.7204,18.3199
2864,47.8034,57.3906
2865,66.7605,43.5262
2866,83.4113,11.7534
2867,78.1737,11.3012
2868,52.0390,53.6457
2869,56.6823,53.8264
2870,42.0572,53.2725
2871,70.8347,43.0899
2872,75.5542,29.2867
2873,26.5284,59.5623
2874,33.2850,63.4105
2875,41.5236,52.6864
2876,37.9164,60.2821
2877,52.6277,46.2913
2878,25.6781,70.0173
2879,79.1594,22.8852
2880,65.1439,42.8679
2881,36.1482,56.3617
2882,75.5551,29.0082
2883,48.1941,42.8836
2884,80.5357,7.8728
2885,76.5040,33.1933
2886,39.1454,52.8547
2887,68.5173,35.8848
2888,41.6342,49.9978
2889,24.3414,55.6076
2890,37.7600,56.4215
2891,32.7515,63.3873
2892,36.7248,62.9686
2893,40.4372,49.1205
2894,43.9635,49.5126
2895,67.9802,35.8660
2896,52.2700,42.7181
2897,73.4770,18.5478
2898,81.0632,8.4755
2899,49.4631,56.5865
2900,62.2611,35.9465
2901,43.2335,56.3280
2902,21.6835,70.1411
2903,65.0281,40.1723
2904,66.9979,21.8775
2905,42.4928,56.2959
2906,52.5135,49.8562
2907,48.9161,56.5636
2908,72.9533,25.3515
2909,32.0286,52.8855
2910,47.7102,39.2946
2911,66.4601,21.8576
2912,65.6689,43.4873
2913,57.4550,42.9120
2914,27.6000,59.6022
2915,79.2670,11.9019
2916,41.0713,46.1334
2917,21.9753,59.1041
2918,37.2258,56.4016
2919,58.3093,54.1657
2920,74.3715,36.3428
2921,76.4112,11.2409
2922,23.5810,60.0314
2923,78.6153,22.8681
2924,59.8519,39.7058
2925,53.5219,42.4798
2926,57.9979,46.4855
2927,25.9602,55.6683
2928,37.0435,49.8297
2929,52.5185,49.5768
2930,30.4029,59.9880
2931,31.6053,60.0355
2932,42.4708,57.1658
2933,71.3321,25.5820
2934,71.4713,15.1947
2935,40.8766,56.2417
2936,35.4056,56.0524
2937,81.3272,14.9602
2938,44.3981,53.6268
2939,32.5751,52.3517
2940,37.9248,60.0049
2941,68.6158,39.4214
2942,39.3388,49.6326
2943,67.5393,21.8978
2944,28.8012,59.6506
2945,40.9716,53.2333
2946,78.0805,22.8513
2947,31.5191,52.3058
2948,52.5027,50.4395
2949,39.6862,52.6022
2950,67.7490,26.0128
2951,41.7531,45.8821
2952,80.1815,29.1667
2953,24.7913,59.1949
2954,68.5304,43.2923
2955,46.7337,53.1716
2956,25.6586,70.8707
2957,51.1953,42.4067
2958,38.1205,49.8724
2959,22.5072,59.4007
2960,62.1630,40.0804
2961,39.8974,49.0988
2962,29.3361,59.6706
2963,44.7697,42.4660
2964,49.4378,35.8389
2965,59.1930,32.5670
2966,62.7932,35.6809
2967,59.7755,43.2977
2968,67.2366,32.2676
2969,23.8611,66.6607
2970,71.4750,39.5041
2971,34.3072,56.5798
2972,74.4795,29.2579
2973,66.8362,39.3688
2974,42.7897,53.0048
2975,28.6237,52.7694
2976,43.3290,53.0257
2977,62.1510,29.4061
2978,56.6910,53.5445
2979,26.2069,63.1569
2980,69.3802,18.7150
2981,50.5096,42.3716
2982,59.2034,31.9912
2983,54.5898,43.1130
2984,60.2543,24.9073
2985,72.6278,36.5959
2986,41.8671,59.5756
2987,46.7150,53.7274
2988,32.1550,59.4973
2989,49.9691,42.3567
2990,70.9355,39.4910
2991,35.6357,60.1890
2992,28.5812,66.8396
2993,68.7590,22.2290
2994,50.2836,52.9855
2995,51.1989,35.6105
2996,24.5778,67.2706
2997,50.5808,38.8410
2998,65.7593,39.3308
2999,33.8751,52.1157
3000,43.0226,60.7636
3001,73.7792,29.5110
3002,88.5676,12.2386
3003,35.7021,52.4667
3004,68.8503,18.0946
3005,37.3172,52.8098
3006,63.8832,35.7079
3007,53.7061,53.1511
3008,71.6387,22.3166
3009,39.9881,46.1005
3010,44.6080,46.2657
3011,67.7471,25.1494
3012,74.2097,25.3874
3013,35.3254,48.9342
3014,49.4311,42.3418
3015,72.4105,25.3348
3016,71.1596,18.1750
3017,51.2056,35.3288
3018,35.3065,49.7659
3019,77.0686,25.4941
3020,46.2661,49.3370
3021,35.5752,67.0806
3022,40.1139,56.7908
3023,33.3104,67.2878
3024,32.5530,52.9070
3025,40.2080,60.0855
3026,52.6332,46.0147
3027,20.2423,59.6158
3028,47.9644,52.9035
3029,53.2864,32.6627
3030,23.8433,67.2464
3031,35.8641,48.9538
3032,44.3128,56.3768
3033,52.0931,45.9934
3034,76.5126,32.6013
3035,31.6129,59.7572
3036,63.1025,25.0173
3037,52.2746,35.9172
3038,61.3802,46.9273
3039,57.5414,39.3448
3040,65.6602,35.7731
3041,57.6096,35.8051
3042,53.2943,32.3822
3043,68.2196,22.2133
3044,72.6268,36.0134
3045,69.3928,18.1199
3046,42.2956,45.6262
3047,41.9454,56.8667
3048,36.1813,59.9309
3049,67.4366,35.8468
3050,62.5620,25.2872
3051,54.0632,42.5023
3052,46.7975,49.6358
3053,80.1830,29.4440
3054,63.6504,22.3284
3055,61.8317,49.9060
3056,30.4195,59.4306
3057,50.3356,46.1884
3058,58.5139,47.1021
3059,55.5236,49.9559
3060,43.3372,52.7476
3061,48.3487,57.1357
3062,31.5111,52.5828
3063,55.2195,38.9936
3064,57.8700,50.3318
3065,39.1331,53.4438
3066,58.6950,36.1224
3067,27.2300,56.3085
3068,32.4922,55.9441
3069,64.1951,22.3491
3070,33.3164,67.0074
3071,41.3371,63.4413
3072,32.6660,60.3568
3073,69.6907,40.0162
3074,66.2868,39.9072
3075,78.2340,8.2829
3076,41.9540,42.3906
3077,28.0230,63.2170
3078,38.6126,52.5570
3079,73.4269,22.0940
3080,66.8296,39.6475
3081,60.0915,53.4006
3082,34.7744,49.1892
3083,71.1509,18.7664
3084,49.9915,35.2986
3085,53.7448,49.8987
3086,62.0278,25.2793
3087,65.1172,35.7538
3088,45.3187,42.2085
3089,58.1421,43.2379
3090,25.4256,55.6483
3091,35.5631,67.6458
3092,28.5672,67.4099
3093,71.0982,22.0232
3094,78.7831,8.3206
3095,36.4057,49.2459
3096,67.5340,22.1698
3097,47.4012,53.4472
3098,35.3940,56.6221
3099,46.1877,53.4216
3100,77.6374,11.2903
3101,55.9851,54.0909
3102,66.2929,39.6278
3103,49.9779,35.8603
3104,41.4174,56.2598
3105,75.7549,22.1737
3106,54.0567,35.9718
3107,69.0044,25.2063
3108,48.3595,35.5190
3109,72.1809,22.0576
3110,67.9713,36.4260
3111,45.1090,53.3662
3112,28.7942,59.9293
3113,64.4756,28.6085
3114,55.6048,32.7350
3115,66.2147,43.5068
3116,29.8675,59.9684
3117,71.5399,36.5581
3118,30.1370,55.5579
3119,71.3721,43.1067
3120,27.7723,55.7538
3121,47.6513,42.8641
3122,41.7482,46.1546
3123,34.9303,53.3028
3124,34.4170,52.1350
3125,69.0503,43.9009
3126,19.1790,66.1801
3127,61.6451,39.1869
3128,63.8358,32.1536
3129,77.3237,29.6230
3130,54.3783,53.1806
3131,40.4392,52.6374
3132,39.6659,53.4640
3133,55.0579,32.7136
3134,29.1705,52.2233
3135,43.7722,56.3524
3136,37.5838,49.5745
3137,19.1672,62.6123
3138,65.1625,29.5009
3139,78.1731,11.8739
3140,68.2887,25.1658
3141,38.6801,49.0579
3142,66.2990,39.3498
3143,32.5642,52.6271
3144,42.4776,60.7457
3145,47.4388,52.6049
3146,27.2327,55.7362
3147,70.0634,18.7246
3148,35.6427,59.9106
3149,47.1687,39.2736
3150,25.4216,56.2371
3151,29.6019,55.5342
3152,30.2518,52.8349
3153,59.6027,47.1463
3154,56.4627,39.3174
3155,30.9734,52.8419
3156,59.6230,46.5527
3157,65.2681,22.3896
3158,69.8256,29.3593
3159,70.6432,25.5318
3160,53.5271,35.3957
3161,50.9904,46.8285
3162,78.6696,18.7201
3163,55.6676,46.4027
3164,75.8623,11.8026
3165,30.2476,53.1134
3166,34.3212,56.0100
3167,69.0634,43.3126
3168,76.6515,15.3709
3169,66.8831,36.3773
3170,41.8491,60.1449
3171,39.4507,46.0842
3172,30.4116,59.7108
3173,51.1934,35.8900
3174,62.0255,25.0011
3175,27.0661,59.5822
3176,65.9615,25.0851
3177,45.1276,52.8049
3178,37.3116,53.0924
3179,73.8359,36.0526
3180,61.9267,46.9478
3181,39.0337,56.7481
3182,73.4728,19.1318
3183,67.2066,25.1333
3184,75.0199,29.2720
3185,37.5781,49.8510
3186,45.8314,60.8700
3187,57.2922,47.0628
3188,61.6392,39.4678
3189,61.1059,39.4463
3190,70.3998,39.4776
3191,55.8895,28.9163
3192,37.2669,59.6951
3193,48.4715,53.7724
3194,47.1138,42.5684
3195,77.6331,11.8599
3196,57.6030,36.0817
3197,47.3878,53.7263
3198,69.7592,36.2007
3199,41.5162,53.2530
3200,33.3048,67.5687
3201,40.7982,63.7025
3202,65.9604,25.6710
3203,48.3511,35.7967
3204,31.0671,60.0136
3205,28.5871,66.5571
3206,72.1780,22.3336
3207,57.8782,49.7423
3208,43.0200,42.9962
3209,38.0796,52.2569
3210,38.6548,49.8934
3211,83.4152,12.0272
3212,30.9159,67.4939
3213,28.3049,55.7711
3214,69.2194,36.1820
3215,49.0086,53.7953
3216,43.2820,49.1975
3217,25.9533,56.2584
3218,54.1299,39.5249
3219,27.2711,63.1919
3220,23.5852,59.4412
3221,42.0655,52.7108
3222,79.2747,11.3232
3223,41.6550,49.1514
3224,46.3978,59.7666
3225,40.7903,63.9849
3226,36.7110,63.5301
3227,37.5965,49.0169
3228,68.2833,26.0297
3229,75.3283,11.2064
3230,46.3640,60.8891
3231,82.4273,15.2678
3232,40.8062,63.4207
3233,80.5236,8.4395
3234,76.9547,11.2583
3235,39.4566,45.5270
3236,37.2576,59.9714
3237,41.6491,49.4230
3238,74.9093,36.3610
3239,64.5823,35.7348
3240,44.5053,49.5354
3241,31.4089,56.4627
3242,66.8919,35.8275
3243,79.5422,15.4581
3244,88.0236,12.2203
3245,48.3357,57.4138
3246,64.7321,22.3691
3247,56.7010,53.2650
3248,77.7338,15.4185
3249,31.4111,56.1851
3250,80.0861,15.4777
3251,39.1510,52.5798
3252,38.6627,49.6192
3253,87.4888,12.2024
3254,69.7553,43.0559
3255,76.7891,29.6046
3256,32.0375,52.6050
3257,33.3416,52.0967
3258,39.3558,49.0773
3259,53.5190,35.9551
3260,35.8581,49.2270
3261,40.4290,53.2135
3262,68.0789,39.4033
3263,47.4268,52.8814
3264,35.3190,49.2081
3265,75.8677,11.2234
3266,73.7811,29.2309
3267,33.3342,52.3739
3268,81.5992,12.2594
3269,30.2869,70.4707
3270,62.2617,35.6675
3271,21.9706,59.3804
3272,65.0590,39.3008
3273,44.0749,45.6871
3274,44.2361,42.7248
3275,44.2421,42.4487
3276,44.2486,42.1720
3277,41.9551,56.2780
3278,47.8443,56.5187
3279,82.4258,15.0023
3280,48.3762,56.5409
3281,56.1439,32.7560
3282,32.0461,52.3287
3283,36.7177,63.2500
3284,43.3834,45.9413
3285,37.0643,48.9964
3286,42.2895,45.9017
3287,73.8323,36.3246
3288,47.8669,50.2620
3289,49.8011,45.6016
3290,69.3862,18.4171
3291,60.7927,25.2217
3292,78.9981,14.8713
3293,28.1463,59.0483
3294,48.3622,56.8334
3295,27.4939,69.7810
3296,82.1962,7.6969
3297,39.9068,48.8070
3298,68.5219,35.5903
3299,18.1098,72.9983
3300,57.6222,35.2226
3301,18.6439,65.8637
3302,23.7253,83.9962
3303,14.4878,80.0481
3304,40.9866,48.8488
3305,54.0555,42.7957
3306,20.5037,76.6986
3307,88.5756,11.3570
3308,24.4371,73.8499
3309,52.6233,46.5895
3310,17.0000,69.3718
3311,26.5254,80.8575
3312,75.9779,32.2837
3313,12.1926,76.3700
3314,60.2884,47.1798
3315,59.3318,38.8113
3316,77.5841,18.1140
3317,72.4000,17.9459
3318,57.5380,28.1034
3319,19.7258,80.2560
3320,29.7204,51.9523
3321,70.6132,18.4515
3322,53.2014,49.2849
3323,11.6032,79.9633
3324,58.1648,35.2426
3325,62.1705,39.7875
3326,59.0866,46.2377
3327,19.7062,62.3367
3328,22.6255,83.9455
3329,80.7199,28.8895
3330,80.0922,14.9042
3331,74.4762,29.8312
3332,70.6485,24.9660
3333,61.5799,42.7706
3334,15.7191,81.0249
3335,49.2516,45.5784
3336,49.6687,49.1550
3337,70.0659,18.4316
3338,75.2623,18.0389
3339,24.2510,60.0582
3340,18.0577,81.4128
3341,80.0835,15.7690
3342,58.6935,42.9647
3343,65.9272,21.2576
3344,62.1648,28.5322
3345,30.9274,63.3138
3346,67.4780,29.5903
3347,70.1137,32.0661
3348,71.6988,18.4909
3349,61.0381,42.7545
3350,47.9006,49.1005
3351,45.8754,41.9357
3352,22.5038,59.6949
3353,43.7630,56.6464
3354,72.0221,14.3344
3355,33.3231,66.7089
3356,49.1213,49.1362
3357,80.7778,15.8202
3358,22.5812,85.1623
3359,35.6263,60.4869
3360,79.1686,21.7143
3361,30.3790,63.2902
3362,20.8980,81.2261
3363,46.8089,49.0592
3364,20.9540,69.5407
3365,75.9708,32.8774
3366,70.2833,43.6461
3367,74.9044,36.6565
3368,19.7344,83.8277
3369,18.4537,83.7886
3370,29.3222,60.2465
3371,31.6750,66.6555
3372,68.4848,32.0189
3373,55.8335,35.1680
3374,64.5080,39.5754
3375,44.0627,46.5387
3376,24.8782,56.5109
3377,67.9841,35.5705
3378,23.1484,81.6152
3379,55.6276,31.5886
3380,60.4941,42.7383
3381,55.7692,38.7174
3382,43.9485,50.0871
3383,76.7886,29.9019
3384,54.0705,35.1149
3385,51.4476,49.2427
3386,84.7565,15.0849
3387,62.1055,43.6561
3388,22.8319,77.6891
3389,62.7175,39.8107
3390,14.0063,76.4299
3391,83.6623,15.0466
3392,22.6489,80.3782
3393,22.8216,77.9905
3394,34.8715,55.7381
3395,72.8825,22.3704
3396,23.0489,59.7150
3397,30.9120,63.9052
3398,76.1007,29.8767
3399,77.0465,32.9191
3400,23.8500,62.7737
3401,66.8164,40.2235
3402,18.0693,81.1080
3403,25.1480,69.6993
3404,29.8596,60.2656
3405,44.8464,56.6970
3406,59.2537,42.3891
3407,75.4320,32.2629
3408,73.6658,32.2064
3409,33.0256,56.8190
3410,81.4697,22.0873
3411,34.3280,55.7145
3412,13.4474,77.3347
3413,56.1724,31.6071
3414,59.7981,42.4068
3415,17.5539,65.8269
3416,77.0326,18.1005
3417,67.4210,36.6936
3418,54.3038,49.3218
3419,67.3862,39.0944
3420,41.4135,56.5499
3421,69.0196,32.0343
3422,75.4373,36.6750
3423,18.0898,80.4961
3424,12.1813,72.8032
3425,67.4404,43.5439
3426,72.6919,29.7766
3427,81.1395,33.6722
3428,20.7666,85.0881
3429,22.0298,63.0042
3430,34.4169,60.4426
3431,59.8391,29.3260
3432,72.9425,17.9577
3433,13.9823,77.3599
3434,15.8069,76.5282
3435,54.9713,45.7887
3436,71.6442,21.4631
3437,59.6328,46.2599
3438,32.0073,63.3594
3439,32.2239,66.6731
3440,22.0396,85.1381
3441,81.3291,14.6687
3442,79.5446,14.8878
3443,22.8420,77.3878
3444,39.9853,46.3958
3445,70.5529,21.4333
3446,72.6886,39.5582
3447,59.8705,38.8293
3448,39.4475,46.3822
3449,15.7425,80.4231
3450,22.6025,81.5945
3451,22.8512,77.0865
3452,78.7249,11.5990
3453,30.3945,60.2847
3454,24.8813,55.9211
3455,66.3045,39.0535
3456,20.9055,80.9200
3457,42.2773,46.4734
3458,60.7333,50.1562
3459,63.1162,32.9779
3460,14.5177,77.3847
3461,72.4158,25.9110
3462,76.6658,14.4936
3463,58.7583,39.9635
3464,59.2494,35.2821
3465,38.1422,48.7458
3466,58.4138,50.0560
3467,48.3419,36.0910
3468,19.6942,81.1741
3469,78.2997,32.3671
3470,79.6366,29.7188
3471,14.9881,83.9461
3472,53.1963,49.5943
3473,15.0796,76.4783
3474,65.7453,40.1873
3475,76.8417,22.5088
3476,59.5044,50.0949
3477,58.5240,46.8031
3478,79.1646,22.3123
3479,57.2988,46.7647
3480,24.4634,77.4630
3481,72.9573,25.9303
3482,40.2508,64.2582
3483,71.7121,17.9057
3484,58.9603,50.0757
3485,66.2525,28.9517
3486,25.6855,69.7216
3487,52.8083,43.0232
3488,74.7193,18.0254
3489,23.6821,84.9038
3490,75.8704,10.9346
3491,49.5052,38.5130
3492,60.1928,49.5553
3493,79.8290,22.0403
3494,53.5306,35.0988
3495,18.6513,80.2125
3496,47.3383,49.9492
3497,25.9820,80.8337
3498,31.4708,63.3365
3499,40.5285,46.4096
3500,13.3665,81.2341
3501,74.2044,32.2234
3502,36.1651,60.5070
3503,67.0030,21.3030
3504,44.3038,56.6717
3505,57.1614,50.3205
3506,53.7490,49.6113
3507,50.5855,38.5510
3508,60.5197,29.3573
3509,56.4520,39.8919
3510,20.2265,85.0691
3511,61.0974,39.7420
3512,59.8558,28.1619
3513,24.4547,73.2603
3514,61.0237,43.6281
3515,10.3369,80.2208
3516,18.0706,74.1919
3517,50.8787,50.0893
3518,56.4519,28.0664
3519,63.3379,35.4021
3520,80.3859,22.0561
3521,19.1575,63.4872
3522,33.8672,60.4202
3523,77.0527,32.3246
3524,68.2143,21.6398
3525,24.6040,69.6771
3526,25.4241,55.9429
3527,27.0762,59.0107
3528,48.8882,36.1100
3529,53.5142,42.7737
3530,25.9908,80.5235
3531,50.1961,50.0608
3532,71.3383,32.4065
3533,24.3918,62.7943
3534,11.1057,72.7702
3535,56.2162,46.1296
3536,80.6014,33.6502
3537,26.6929,56.5853
3538,57.9893,46.7804
3539,38.6013,53.1271
3540,77.7393,15.1245
3541,25.4512,80.4992
3542,75.2083,22.4449
3543,48.7073,45.5557
3544,46.2727,49.0386
3545,48.1985,42.0259
3546,22.0052,80.3440
3547,78.7747,8.6196
3548,65.1343,43.1695
3549,72.9526,25.0527
3550,61.3358,25.2384
3551,74.0216,18.8547
3552,56.3666,43.1677
3553,6.3882,79.7494
3554,61.3880,46.6270
3555,66.2192,43.2096
3556,36.4192,48.6758
3557,55.5382,49.3802
3558,64.4471,42.5778
3559,51.0136,45.6536
3560,50.3302,46.4886
3561,69.5650,32.0496
3562,24.2760,80.4427
3563,34.5151,66.4531
3564,74.3200,39.6100
3565,67.4412,35.5501
3566,21.5873,76.7400
3567,56.0921,49.4034
3568,81.8793,14.6893
3569,16.6346,83.7078
3570,14.5447,76.4538
3571,23.7338,80.4212
3572,71.8648,25.0130
3573,72.4091,25.0330
3574,21.3577,83.8856
3575,56.2070,46.7239
3576,82.3174,12.2842
3577,15.7490,69.6292
3578,7.4648,79.7900
3579,81.6032,8.8100
3580,33.8333,62.8476
3581,61.9323,46.6475
3582,60.2987,46.5861
3583,9.3144,76.2668
3584,78.4409,15.7138
3585,35.5877,66.4913
3586,6.9253,79.7697
3587,35.0497,66.4720
3588,63.6513,25.8854
3589,17.9175,83.7687
3590,67.7505,18.3384
3591,79.8562,8.6956
3592,81.6831,33.6952
3593,69.8210,29.6658
3594,81.8812,15.5464
3595,8.7336,79.8448
3596,75.9933,26.3477
3597,34.3817,62.8744
3598,15.7552,80.1106
3599,78.2246,8.5809
3600,9.8595,76.2821
3601,16.2951,69.6413
3602,70.3666,29.6862
3603,33.9686,66.4332
3604,10.4050,76.2970
3605,17.3847,80.1643
3606,17.3698,83.7479
3607,22.1283,76.7603
3608,60.4196,38.8474
3609,19.8772,69.4969
3610,41.7403,46.4540
3611,23.1887,80.3996
3612,19.1843,65.8821
3613,63.3413,43.7052
3614,20.9217,80.3048
3615,51.1980,42.1047
3616,19.3347,69.4751
3617,60.8461,46.6065
3618,56.9114,43.1886
3619,73.2259,39.5752
3620,62.7972,43.6863
3621,56.3796,35.1858
3622,82.4294,14.7092
3623,62.7423,38.9333
3624,59.8515,28.4641
3625,80.5162,8.7340
3626,21.4651,80.3243
3627,62.8180,42.5250
3628,7.9968,79.8100
3629,17.4259,76.5815
3630,33.2937,62.8252
3631,32.7755,66.6915
3632,81.6978,32.5042
3633,73.2355,29.7939
3634,18.9885,83.8085
3635,59.0665,46.8263
3636,11.1226,76.3313
3637,62.1234,42.7876
3638,50.8954,49.2253
3639,54.8408,50.2265
3640,71.4716,14.3181
3641,47.6581,42.0082
3642,23.1701,83.9704
3643,73.7714,39.5927
3644,17.5338,66.9844
3645,71.3262,24.9933
3646,63.9042,42.5602
3647,66.8959,35.5296
3648,42.8458,45.3479
3649,78.7266,11.0216
3650,19.6825,85.0504
3651,33.7828,55.6907
3652,57.1831,49.4488
3653,63.1011,25.8751
3654,86.2719,11.2821
3655,65.6744,43.1894
3656,76.5322,26.3637
3657,55.8315,42.2713
3658,9.2734,79.8675
3659,16.3066,80.1288
3660,48.9018,56.8566
3661,49.7842,46.4684
3662,52.0827,46.5697
3663,15.0052,83.6313
3664,66.2133,35.4960
3665,78.9935,15.7324
3666,72.1492,29.7598
3667,55.8187,43.1463
3668,22.0896,83.9205
3669,16.0866,83.6822
3670,70.2986,42.7736
3671,46.5804,41.9724
3672,13.3925,80.3191
3673,60.8339,31.7333
3674,50.2167,49.1739
3675,70.9102,29.7064
3676,18.6974,76.6195
3677,81.1497,32.4784
3678,47.8298,56.8106
3679,33.3194,60.3980
3680,51.9907,49.2597
3681,13.4025,80.0104
3682,19.7808,76.6640
3683,80.7790,15.5066
3684,56.0660,50.2737
3685,78.8469,32.3888
3686,55.6606,46.7033
3687,56.3832,42.2925
3688,16.8434,80.1463
3689,57.4639,42.3337
3690,56.7578,46.7445
3691,12.7299,76.3891
3692,49.4480,56.8800
3693,42.8226,46.4927
3694,54.2896,50.2089
3695,18.0792,80.8014
3696,24.3339,56.4931
3697,59.7103,25.1885
3698,71.3775,42.8085
3699,14.6689,69.6051
3700,78.6732,18.1404
3701,68.8438,18.3912
3702,13.4725,76.4056
3703,52.6376,45.7145
3704,17.8693,84.9824
3705,52.0977,45.6945
3706,82.4282,15.5658
3707,59.7522,31.7067
3708,24.9097,80.4759
3709,57.4510,43.2094
3710,61.0804,28.4959
3711,51.5582,45.6742
3712,19.2411,76.6415
3713,51.7400,42.1241
3714,51.5369,46.5493
3715,56.6396,49.4262
3716,20.8110,83.8663
3717,52.9885,35.0829
3718,18.1002,80.1904
3719,71.4499,29.7265
3720,59.6134,46.8497
3721,60.4733,43.6142
3722,20.2698,83.8466
3723,64.4251,43.7425
3724,66.7659,43.2298
3725,74.3661,36.6375
3726,8.7661,76.2516
3727,72.1863,21.4777
3728,56.9262,35.2039
3729,76.0992,28.7289
3730,33.0424,55.6680
3731,15.0325,80.0670
3732,49.2381,46.4483
3733,54.8546,49.3399
3734,81.3275,15.5266
3735,48.6896,46.4284
3736,59.2058,31.6930
3737,13.3841,80.6288
3738,79.8285,22.3448
3739,18.1018,65.8454
3740,47.1221,41.9905
3741,68.9962,26.0701
3742,22.8614,76.7824
3743,58.1458,42.9448
3744,65.1206,35.4580
3745,79.3127,8.6571
3746,68.3011,18.3651
3747,47.3523,49.0800
3748,81.0552,8.7714
3749,67.3579,40.2414
3750,68.0422,28.4364
3751,69.1154,29.6393
3752,60.2942,31.7201
3753,52.8202,42.1625
3754,15.5466,83.6568
3755,78.4469,14.8545
3756,62.1935,38.9126
3757,42.4866,56.5871
3758,70.8388,42.7911
3759,21.0476,76.7195
3760,16.3508,76.5460
3761,20.2466,62.3564
3762,25.6522,63.7303
3763,83.1087,15.0271
3764,67.7596,17.7560
3765,69.7609,42.7559
3766,20.8895,81.5329
3767,73.8272,36.6187
3768,69.5434,26.0846
3769,63.8828,43.7238
3770,58.7018,42.3709
3771,65.6641,35.4767
3772,66.2055,36.3598
3773,71.1007,21.4481
3774,58.2023,29.2775
3775,74.7456,32.2405
3776,10.3463,79.9124
3777,15.2101,69.6173
3778,53.7547,49.3033
3779,76.3528,18.0664
3780,53.7398,50.1909
3781,24.4828,76.8564
3782,80.7779,14.6478
3783,74.0278,17.9806
3784,56.9252,42.3132
3785,60.2546,25.2052
3786,52.9735,36.2318
3787,68.0271,29.6066
3788,82.8785,12.3015
3789,55.5149,50.2501
3790,50.9963,46.5290
3791,79.5407,15.7508
3792,32.7602,62.8031
3793,65.7633,39.0331
3794,31.9410,56.7791
3795,65.1160,43.7596
3796,63.3635,42.5428
3797,82.1546,8.8481
3798,53.1882,50.1732
3799,43.3964,45.3645
3800,60.5348,28.4779
3801,36.7050,60.5271
3802,15.7079,81.3230
3803,21.0000,73.1149
3804,22.2605,65.9896
3805,79.8276,21.7415
3806,26.3980,70.0416
3807,19.7482,77.5811
3808,18.0774,69.4114
3809,77.6402,10.9973
3810,63.3924,28.8657
3811,17.3524,81.0759
3812,61.2944,49.5966
3813,16.2751,81.0423
3814,10.3258,80.5243
3815,80.6078,32.4535
3816,76.5165,32.3042
3817,20.2587,84.1606
3818,54.0709,42.2141
3819,41.9606,41.8110
3820,24.4726,77.1610
3821,78.6191,22.2952
3822,67.7746,32.5771
3823,49.4548,34.9883
3824,20.9521,62.9618
3825,64.8827,25.3485
3826,64.3758,32.4597
3827,10.3954,77.2146
3828,24.3396,55.8998
3829,22.6142,81.2853
3830,43.3715,46.5124
3831,70.3745,40.3534
3832,68.0849,39.1131
3833,73.4293,21.5184
3834,73.1308,32.1899
3835,18.9450,85.0183
3836,20.7996,84.1802
3837,83.1005,15.9114
3838,54.6131,42.2337
3839,13.4639,76.7197
3840,84.2078,15.0659
3841,21.9663,59.6752
3842,40.2780,63.1113
3843,55.2961,35.1503
3844,35.3331,48.6418
3845,25.1230,67.0001
3846,42.5005,56.0134
3847,63.9319,28.8837
3848,13.9419,80.3399
3849,39.6729,53.1692
3850,23.6928,81.6357
3851,24.9002,80.7863
3852,73.7909,14.3996
3853,38.5139,64.1766
3854,40.4333,52.9271
3855,80.0686,32.4283
3856,76.9600,10.9721
3857,79.3524,7.5008
3858,22.5144,58.8313
3859,75.3312,10.9165
3860,15.0026,80.9918
3861,29.3501,59.0931
3862,24.8792,81.3909
3863,22.7974,66.0208
3864,27.0609,59.8739
3865,67.9668,36.7174
3866,41.3107,64.2950
3867,24.8672,81.6929
3868,81.0831,7.6214
3869,75.0234,28.7003
3870,47.4637,46.3915
3871,76.6575,15.0858
3872,51.1325,38.5705
3873,50.0429,38.5321
3874,15.5307,83.9716
3875,10.3155,80.8262
3876,79.8796,8.1078
3877,75.5507,29.8617
3878,18.6276,80.8236
3879,39.3293,49.9241
3880,76.5343,25.1852
3881,73.7757,29.8106
3882,59.5491,53.0910
3883,18.6703,77.5306
3884,75.7525,22.4661
3885,27.6109,59.0295
3886,58.0067,46.1939
3887,39.1393,53.1483
3888,75.2033,22.7476
3889,47.1057,43.1350
3890,80.0575,33.6275
3891,59.3080,39.9787
3892,13.9162,81.2545
3893,26.5227,59.8531
3894,7.4499,80.4088
3895,8.6922,81.0716
3896,48.0163,45.8201
3897,20.9977,65.9446
3898,20.4581,65.9224
3899,23.4096,76.8074
3900,81.6862,33.3830
3901,12.1456,79.9877
3902,29.5796,56.4070
3903,69.5522,24.9350
3904,31.0939,59.1628
3905,11.6635,76.3511
3906,41.3465,63.1504
3907,16.5823,84.9341
3908,11.5537,81.1773
3909,23.5835,59.7342
3910,46.7914,49.9262
3911,24.8887,81.0885
3912,16.5951,84.6312
3913,78.8354,33.2702
3914,73.4767,18.8384
3915,76.8433,21.9248
3916,12.1906,77.2863
3917,45.7106,45.4411
3918,75.8045,18.0528
3919,12.7192,72.8197
3920,83.9505,12.3340
3921,55.0846,31.5701
3922,22.0467,62.4197
3923,17.8821,84.6778
3924,37.4273,64.1271
3925,72.1597,28.5974
3926,13.4032,74.0282
3927,59.9375,35.3009
3928,63.8849,35.4178
3929,19.6986,59.8890
3930,19.1508,81.1520
3931,46.9183,46.3724
3932,45.5926,49.2946
3933,11.6439,72.7868
3934,71.3276,33.2840
3935,21.3156,59.9403
3936,9.2312,81.0893
3937,12.1082,80.8905
3938,76.3496,18.9460
3939,55.2785,36.3029
3940,15.4857,84.8853
3941,61.5004,32.9133
3942,54.2983,49.6286
3943,76.2961,21.9035
3944,15.7980,76.8364
3945,21.9725,81.2705
3946,77.0283,18.9673
3947,86.9475,11.8976
3948,43.9695,49.2282
3949,53.8545,46.6262
3950,19.9177,65.9001
3951,75.9960,25.1690
3952,43.2692,49.7717
3953,69.5563,32.6428
3954,23.3320,74.3860
3955,80.7227,29.7524
3956,25.6707,62.8484
3957,77.0616,26.3795
3958,23.3143,62.7529
3959,69.2064,36.7574
3960,25.4422,80.8101
3961,26.7491,62.8823
3962,40.4467,48.8280
3963,41.9511,56.5687
3964,79.9038,18.1813
3965,77.8587,29.9348
3966,58.7451,29.2937
3967,70.8262,43.6638
3968,20.9361,63.5451
3969,70.3110,35.6484
3970,65.9618,25.3765
3971,75.4364,14.4452
3972,63.9626,39.5575
3973,40.9519,49.9878
3974,17.3733,80.4777
3975,70.5524,22.5737
3976,26.5396,58.9921
3977,15.0423,72.8991
3978,19.7320,73.0704
3979,54.5437,31.5515
3980,13.9335,80.6483
3981,45.1440,46.5797
3982,6.8990,80.6899
3983,26.4080,69.7363
3984,62.2626,35.3712
3985,75.2616,18.6219
3986,56.2212,45.8272
3987,68.2862,25.7409
3988,63.6607,24.7444
3989,19.2205,77.2501
3990,67.4622,42.6678
3991,76.5084,32.8982
3992,14.4713,80.6668
3993,54.3921,52.8898
3994,19.7225,73.3650
3995,70.9218,28.5492
3996,70.7914,33.2602
3997,64.3838,31.8814
3998,65.6532,36.3412
3999,23.7228,80.7349
4000,34.4038,52.7008
4001,84.7591,15.6745
4002,30.6597,56.4511
4003,34.8435,56.8893
4004,67.4318,43.8441
4005,56.0580,50.5774
4006,15.5006,84.5819
4007,28.0619,66.2378
4008,20.2491,59.0309
4009,83.9528,11.1962
4010,20.4920,77.0043
4011,51.4276,50.1090
4012,63.9763,38.9744
4013,75.8647,11.5102
4014,68.0589,40.2627
4015,70.0893,33.2426
4016,11.0973,73.3752
4017,39.9954,45.2557
4018,50.6461,36.1656
4019,83.1060,15.3306
4020,73.1025,14.6642
4021,23.7031,81.3307
4022,70.8568,35.6671
4023,21.3317,84.5030
4024,15.5158,84.2777
4025,88.5696,11.9547
4026,61.8258,50.1985
4027,75.0165,29.8466
4028,13.4386,77.6474
4029,22.5697,63.0254
4030,74.2090,26.2720
4031,19.7046,59.0123
4032,19.7592,77.2738
4033,8.7604,77.1608
4034,19.7210,84.1417
4035,20.3610,80.8983
4036,12.6835,80.0116
4037,30.4289,59.1359
4038,74.8860,14.4300
4039,21.4886,62.9827
4040,51.7299,36.1927
4041,64.7409,21.5103
4042,77.0403,33.5007
4043,80.5157,11.0920
4044,80.0614,33.0288
4045,37.9702,64.1518
4046,52.7771,31.5024
4047,82.3210,11.4346
4048,66.2019,36.6586
4049,70.9150,40.3664
4050,16.9936,70.2546
4051,56.7702,45.8458
4052,69.7678,35.6297
4053,17.3924,77.7879
4054,16.3409,76.8546
4055,15.7818,77.4343
4056,14.5268,77.0750
4057,55.1505,42.2533
4058,58.1417,36.3916
4059,60.7438,49.5762
4060,49.6468,50.0384
4061,11.5907,80.2723
4062,14.5354,76.7697
4063,59.2416,42.9852
4064,52.2780,42.1432
4065,30.3608,63.8831
4066,49.0996,50.0160
4067,21.5515,77.9382
4068,18.0862,67.0014
4069,23.1594,84.2795
4070,18.6212,63.4690
4071,28.7876,60.2275
4072,44.0772,45.3989
4073,50.3472,45.6248
4074,58.7888,38.7934
4075,16.0596,84.3026
4076,57.2490,52.9956
4077,38.6882,48.7643
4078,28.0346,69.8036
4079,14.9720,84.2528
4080,20.3825,80.2851
4081,23.7114,84.3025
4082,32.4846,56.7991
4083,47.1900,38.4232
4084,76.3502,18.6480
4085,66.2808,40.2053
4086,71.1551,18.4713
4087,67.5482,21.3261
4088,20.3397,81.5105
4089,60.4794,35.3183
4090,28.1298,59.9157
4091,71.5363,36.8495
4092,16.0727,83.9970
4093,78.1280,18.1272
4094,70.2959,36.7927
4095,9.8060,79.8899
4096,52.5245,49.2764
4097,35.0980,64.0444
4098,62.8448,28.8471
4099,31.9530,55.6310
4100,70.3792,28.5270
4101,14.4967,72.8800
4102,42.4989,41.8299
4103,80.3840,22.3607
4104,16.8882,76.5638
4105,54.6140,35.1309
4106,24.0581,69.6549
4107,19.7001,63.5072
4108,79.9015,7.5385
4109,53.8672,45.7557
4110,79.3852,32.4101
4111,59.2857,29.3099
4112,45.1646,45.4269
4113,61.0236,35.3357
4114,77.7546,32.3455
4115,46.5625,43.1167
4116,64.5251,38.9938
4117,16.0333,84.9097
4118,58.1364,43.5242
4119,69.3041,21.6668
4120,15.7312,80.7235
4121,84.7565,14.7827
4122,54.4211,45.7721
4123,58.2199,28.4040
4124,59.2962,28.4438
4125,77.5825,18.9809
4126,40.5409,45.2720
4127,55.8243,36.3179
4128,23.1585,81.3081
4129,23.3632,73.2112
4130,54.5970,42.8176
4131,75.2160,21.8617
4132,73.9708,22.4022
4133,16.6081,84.3275
4134,59.0975,45.9304
4135,11.1211,77.2456
4136,54.9375,52.9121
4137,13.3757,80.9319
4138,11.1214,76.9401
4139,54.9550,46.6608
4140,26.1970,63.7466
4141,17.3251,84.9638
4142,66.8012,28.9685
4143,77.5416,21.6689
4144,80.9875,19.3836
4145,54.0515,36.2620
4146,21.3443,84.1995
4147,69.1351,28.4860
4148,58.5423,46.2155
4149,66.2088,43.7938
4150,65.7058,28.9348
4151,46.3703,46.3535
4152,64.4700,28.9022
4153,72.8828,21.5051
4154,75.4293,32.8564
4155,61.6219,28.5141
4156,54.6852,38.6835
4157,78.6216,21.6990
4158,56.6144,50.2971
4159,48.5761,49.1175
4160,25.3338,58.9269
4161,16.0463,84.6065
4162,77.3211,29.9181
4163,59.7084,25.7789
4164,62.7940,35.3866
4165,71.8859,32.4314
4166,65.6621,43.7766
4167,63.6572,21.4764
4168,14.9396,84.8609
4169,43.0417,41.8485
4170,76.4157,10.9535
4171,60.1791,50.1346
4172,67.4950,28.4118
4173,61.5645,35.3529
4174,67.7788,31.9914
4175,77.6260,25.2190
